30IRMPJWDZJWTGTYHSWAXVRNYIRRK7;A1I9ZBV75AVWUS;Ambassador;Communication
30IRMPJWDZJWTGTYHSWAXVRNYIRRK7;A2YDKZI930GXVP;Ambassador;Team member selection
3APP19WN71EY5BZVZD8XO88YVEX6GM;A154X03NKVZZL1;Smoke filled room;Monitoring, controlling
3E9VAUV7BWEZE4WYJWBFBDHOWTCYA1;A1I9ZBV75AVWUS;Community of trust;Supportive atmosphere
3E9VAUV7BWEZE4WYJWBFBDHOWTCYA1;A365SN61J4UNGR;Community of trust;Supportive atmosphere
3UDTAB6HH6ZOCQQ8JIM6NQCKEYG90X;A2XFO0X6RCS98M;Compass;Allocating resources
3UDTAB6HH6ZOCQQ8JIM6NQCKEYG90X;A3HMDGRGC5JB7E;Compass;Supportive atmosphere
3AQN9REUTFGXCBZA362H1EPUHW9YD3;A1MHGD46DB5Z7H;Body speaks;Communication
3AQN9REUTFGXCBZA362H1EPUHW9YD3;A2XFO0X6RCS98M;Body speaks;Supportive atmosphere
3X52SWXE0X5JIEYWO9PIWBMWLOXWC2;A7TP8TTJ88Y0R;Bootstrapping;Team member selection
3X52SWXE0X5JIEYWO9PIWBMWLOXWC2;A365SN61J4UNGR;Bootstrapping;Enabling team processes
3M4KL7H8KVN11W9SHUNUHL4STPE16H;A2CK0OXMPOR9LE;Team space;Motivating
3M4KL7H8KVN11W9SHUNUHL4STPE16H;A1DZLZE63NE1ZI;Team space;Supportive atmosphere
3V8JSVE8YYQ24HDAZ1D17W7FH8AYEW;ALLP45O3BDWYM;Fair memory;Continuous learning
3V8JSVE8YYQ24HDAZ1D17W7FH8AYEW;A1IU5OP7BBZHZ7;Fair memory;Monitoring, controlling
3XT3KXP24ZYC125QP1809KLEARP6IE;A3UWM3KJYEL5XU;Form follows function;Team structure management
3XT3KXP24ZYC125QP1809KLEARP6IE;A2XFO0X6RCS98M;Form follows function;Planning and scheduling
32CXT5U14G34E7JECXUCC15GAH1U8V;A2XFO0X6RCS98M;Private space;Enabling team processes
32CXT5U14G34E7JECXUCC15GAH1U8V;A365SN61J4UNGR;Private space;Supportive atmosphere
38RHULDV9YFAVHKWGJL47EKRYTHWI4;A2CFE6AZS73RNS;Collective responsibility;Monitoring, controlling
38RHULDV9YFAVHKWGJL47EKRYTHWI4;A3HMDGRGC5JB7E;Collective responsibility;Enabling team processes
3L55D8AUFAXN7JTW3A76H87CWWXYC3;A1I9ZBV75AVWUS;Open up communication;Communication
3L55D8AUFAXN7JTW3A76H87CWWXYC3;A2XFO0X6RCS98M;Open up communication;Facilitation
33CLA8O0MIBLDU1KGH5DHIZIQMARF5;A3UWM3KJYEL5XU;Face to face before remote;Monitoring, controlling
33CLA8O0MIBLDU1KGH5DHIZIQMARF5;A3HMDGRGC5JB7E;Face to face before remote;Planning and scheduling
3Z8UJEJOCZDKTIP5254PPOARHA093S;A3UWM3KJYEL5XU;Protect the victim;Motivating
3Z8UJEJOCZDKTIP5254PPOARHA093S;A365SN61J4UNGR;Protect the victim;Facilitation
3X7837UUADY8WDPW7JT0LL0EN6E6JQ;A2YDKZI930GXVP;Someone always makes progress;Planning and scheduling
3X7837UUADY8WDPW7JT0LL0EN6E6JQ;A154X03NKVZZL1;Someone always makes progress;Facilitation
37VUR2VJ6APQHDITRL0X3LW2PBP1C9;ALLP45O3BDWYM;Sprint;Motivating
37VUR2VJ6APQHDITRL0X3LW2PBP1C9;A1DZLZE63NE1ZI;Sprint;Supportive atmosphere
329E6HTMSW24AE8W62VEFXO7S4C3KG;A2XFO0X6RCS98M;Group validation;Allocating resources
329E6HTMSW24AE8W62VEFXO7S4C3KG;A2CK0OXMPOR9LE;Group validation;Supportive atmosphere
3ULIZ0H1VA55IS9ECBDPPFQSXU3151;A2XFO0X6RCS98M;Norms of conduct;Enabling team processes
3ULIZ0H1VA55IS9ECBDPPFQSXU3151;A154X03NKVZZL1;Norms of conduct;Supportive atmosphere
3YGYP136419X1ME1E5OQPN8RSDWRNC;A1I9ZBV75AVWUS;Interrupts unjam blocking;Planning and scheduling
3YGYP136419X1ME1E5OQPN8RSDWRNC;A2XFO0X6RCS98M;Interrupts unjam blocking;Planning and scheduling
3D17ECOUOEV24DMAYSPWAIS8JYC13B;A3HMDGRGC5JB7E;Apprentice;Coaching
3D17ECOUOEV24DMAYSPWAIS8JYC13B;A1I9ZBV75AVWUS;Apprentice;Team member selection
31MCUE39BKMZ8SCDGBAZH5WELNV3GD;A1MHGD46DB5Z7H;Pair to share;Communication
31MCUE39BKMZ8SCDGBAZH5WELNV3GD;A3V9JE45AO02Q8;Pair to share;Supportive atmosphere
3E6L1VR4XWMSRB30OT2F6N8MUZX6FN;A2CK0OXMPOR9LE;Wanderer;Coaching
3E6L1VR4XWMSRB30OT2F6N8MUZX6FN;ALLP45O3BDWYM;Wanderer;Supportive atmosphere
3TTPFEFXCTKC57U6JJQF98KZAEA6HL;ALLP45O3BDWYM;Diverse groups;Enabling team processes
3TTPFEFXCTKC57U6JJQF98KZAEA6HL;A365SN61J4UNGR;Diverse groups;Facilitation
3VJ4PFXFJ37IXVCT9VEQ8SBB051UAZ;A2SBISQJE2ZPJQ;Piecemeal growth;Allocating resources
3VJ4PFXFJ37IXVCT9VEQ8SBB051UAZ;A1DZLZE63NE1ZI;Piecemeal growth;Enabling team processes
307L9TDWJYS5IKTZ3FNU7P5BMZH3NL;ALLP45O3BDWYM;Get to know your peoples skills;Team member selection
307L9TDWJYS5IKTZ3FNU7P5BMZH3NL;A2XFO0X6RCS98M;Get to know your peoples skills;Co-leadership
37SDSEDIN92O5ASGA9KS1Z0JZK4183;A1IU5OP7BBZHZ7;Reciprocal visibility;Enabling team processes
37SDSEDIN92O5ASGA9KS1Z0JZK4183;ALLP45O3BDWYM;Reciprocal visibility;Facilitation
3O0M2G5VC625BE892J98ZT2XVAW94D;A2XFO0X6RCS98M;Social tracker;Continuous learning
3O0M2G5VC625BE892J98ZT2XVAW94D;A1IU5OP7BBZHZ7;Social tracker;Communication
379OL9DBSSEL9LMTRQXFFI64QBUY9M;A2YDKZI930GXVP;The Water Cooler;Team structure management
379OL9DBSSEL9LMTRQXFFI64QBUY9M;A154X03NKVZZL1;The Water Cooler;Supportive atmosphere
32TZXEA1OLKNM95EY6UFKNKEXY814W;A2CK0OXMPOR9LE;Set the pegs;Team norming
32TZXEA1OLKNM95EY6UFKNKEXY814W;A2XFO0X6RCS98M;Set the pegs;Enabling team processes
3Q2T3FD0ON8Z028ZRE8UUAGBH973ML;A3UWM3KJYEL5XU;Development episode;Team structure management
3Q2T3FD0ON8Z028ZRE8UUAGBH973ML;A2CK0OXMPOR9LE;Development episode;Enabling team processes
3KQC8JMJGCSD8O7O0HSH258F0N83HC;A2XFO0X6RCS98M;Reaffirmation ritual;Facilitation
3KQC8JMJGCSD8O7O0HSH258F0N83HC;A3UWM3KJYEL5XU;Reaffirmation ritual;Supportive atmosphere
378G7J1SJLYYFCIAK0VDMZMZ60AWEV;A3UWM3KJYEL5XU;Failed project wake;Communication
378G7J1SJLYYFCIAK0VDMZMZ60AWEV;A2XFO0X6RCS98M;Failed project wake;Supportive atmosphere
34R3P23QHS1AZM9CA13J72JCYG2WHB;A154X03NKVZZL1;Re-negotiate complexity;Monitoring, controlling
34R3P23QHS1AZM9CA13J72JCYG2WHB;A1I9ZBV75AVWUS;Re-negotiate complexity;Monitoring, controlling
39AYGO6AFFK4F3GHMHLSESHVWQJ6NU;A1MHGD46DB5Z7H;Show and tell;Consulting
39AYGO6AFFK4F3GHMHLSESHVWQJ6NU;A3UWM3KJYEL5XU;Show and tell;Monitoring, controlling
3MD8CKRQZZN1IWNGZ7WYWGRAJTRRJ8;ALLP45O3BDWYM;Management by triggers;Monitoring, controlling
3MD8CKRQZZN1IWNGZ7WYWGRAJTRRJ8;A365SN61J4UNGR;Management by triggers;Enabling team processes
3ZVPAMTJWN3RRUXFR1BVZ3ZUR1ARG4;ALLP45O3BDWYM;Feature assignment;Team member selection
3ZVPAMTJWN3RRUXFR1BVZ3ZUR1ARG4;A2CK0OXMPOR9LE;Feature assignment;Team structure management
3OJX0UFJ0Z74SC2OHP0QCX0RUNJU9K;A2SBISQJE2ZPJQ;Lock em up together;Co-leadership
3OJX0UFJ0Z74SC2OHP0QCX0RUNJU9K;A365SN61J4UNGR;Lock em up together;Supportive atmosphere
3GV1I4SEO9PER3DWA45D10D6RVJ6LS;A1DZLZE63NE1ZI;Adhoc meeting;Planning and scheduling
3GV1I4SEO9PER3DWA45D10D6RVJ6LS;A1MHGD46DB5Z7H;Adhoc meeting;Planning and scheduling
3OQQD2WO8I6D4JI86ZA22H9U00N3I5;A1MHGD46DB5Z7H;Join for completion;Monitoring, controlling
3OQQD2WO8I6D4JI86ZA22H9U00N3I5;A2XFO0X6RCS98M;Join for completion;Planning and scheduling
3TZDZ3Y0JS6OJFBQF1Q61VVUJQM19S;A2CK0OXMPOR9LE;Gather domain knowledge;Continuous learning
3TZDZ3Y0JS6OJFBQF1Q61VVUJQM19S;A3UWM3KJYEL5XU;Gather domain knowledge;Continuous learning
3OB6JN3A9QPRJ4T1249QC8JRNNMRMC;A154X03NKVZZL1;End to end;Allocating resources
3OB6JN3A9QPRJ4T1249QC8JRNNMRMC;A2XFO0X6RCS98M;End to end;Enabling team processes
385MDVINFCF6QS42Y164JFZRB86WJG;A2XFO0X6RCS98M;Generics and specifics;Team member selection
385MDVINFCF6QS42Y164JFZRB86WJG;A2CK0OXMPOR9LE;Generics and specifics;Monitoring, controlling
3P4ZBJFX2V3QLQI6FBFJ4H7ZI1PWFD;A3UWM3KJYEL5XU;Participant observation;Coaching
3P4ZBJFX2V3QLQI6FBFJ4H7ZI1PWFD;A3V9JE45AO02Q8;Participant observation;Co-leadership
3MQKOF1EE2OTN64AO5KTGH4E6O9WD2;A3UWM3KJYEL5XU;Architecture team;Team member selection
3MQKOF1EE2OTN64AO5KTGH4E6O9WD2;A2XFO0X6RCS98M;Architecture team;Team structure management
30ZKOOGW2W62OYLV7746XQ6EP841A7;A154X03NKVZZL1;Informal labor plan;Planning and scheduling
30ZKOOGW2W62OYLV7746XQ6EP841A7;A365SN61J4UNGR;Informal labor plan;Supportive atmosphere
3A3KKYU7P3HWR0AN1YJWZ7R8F21WMK;A1MHGD46DB5Z7H;Effective handover;Team structure management
3A3KKYU7P3HWR0AN1YJWZ7R8F21WMK;A365SN61J4UNGR;Effective handover;Enabling team processes
3QGHA0EA0J00896QA9TNLRGE33XWBV;A365SN61J4UNGR;Round Pegs for Round Holes;Vision
3QGHA0EA0J00896QA9TNLRGE33XWBV;A3UWM3KJYEL5XU;Round Pegs for Round Holes;Monitoring, controlling
3BCRDCM0ODU37XVEP4TCM00R2VE6KP;A2CK0OXMPOR9LE;Growing your team;Team structure management
3BCRDCM0ODU37XVEP4TCM00R2VE6KP;ALLP45O3BDWYM;Growing your team;Supportive atmosphere
3IZPORCT1F95RQSQB7TDK3BV61NRH3;A1I9ZBV75AVWUS;Delegate complexity;Planning and scheduling
3IZPORCT1F95RQSQB7TDK3BV61NRH3;A365SN61J4UNGR;Delegate complexity;Co-leadership
3MA5N0ATTCB11CAKGM6GKUZ4QX6WKF;A1MHGD46DB5Z7H;Effective coach;Coaching
3MA5N0ATTCB11CAKGM6GKUZ4QX6WKF;A2XFO0X6RCS98M;Effective coach;Co-leadership
3MZ3TAMYTLN5NL3AHPBYKFCA6E2RIW;A2SBISQJE2ZPJQ;Sacrifice one person;Role modeling
3MZ3TAMYTLN5NL3AHPBYKFCA6E2RIW;A2XFO0X6RCS98M;Sacrifice one person;Team structure management
30QQTY5GMKK0ETEV2S26Y19LZXVU78;ALLP45O3BDWYM;Virtual shared location;Communication
30QQTY5GMKK0ETEV2S26Y19LZXVU78;A1DZLZE63NE1ZI;Virtual shared location;Planning and scheduling
3E24UO25QZQMXOGTNWL5THH0M0O6O9;A3HMDGRGC5JB7E;Production potential;Planning and scheduling
3E24UO25QZQMXOGTNWL5THH0M0O6O9;A1I9ZBV75AVWUS;Production potential;Enabling team processes
3O4VWC1GEW69ZU2EOHV2EIOUDFC3JH;A365SN61J4UNGR;Deliverables to go;Monitoring, controlling
3O4VWC1GEW69ZU2EOHV2EIOUDFC3JH;A3UWM3KJYEL5XU;Deliverables to go;Planning and scheduling
3LG268AV386T7G1OL6L7Z0EIELVREN;A3UWM3KJYEL5XU;Firewalls;Buffering
3LG268AV386T7G1OL6L7Z0EIELVREN;A2SBISQJE2ZPJQ;Firewalls;Allocating resources
3WA2XVDZEMH0LX34TII9O5NMIYI6E5;A365SN61J4UNGR;Productivity games;Communication
3WA2XVDZEMH0LX34TII9O5NMIYI6E5;A3UWM3KJYEL5XU;Productivity games;Facilitation
3D7VY91L65X43XCC67N0CTEN51KBMK;A3UWM3KJYEL5XU;Master and Apprentice;Team structure management
3D7VY91L65X43XCC67N0CTEN51KBMK;A365SN61J4UNGR;Master and Apprentice;Allocating resources
3Z56AA6EK40YXLVHAG6S1DSVR096MU;A365SN61J4UNGR;Team per task;Allocating resources
3Z56AA6EK40YXLVHAG6S1DSVR096MU;A3HMDGRGC5JB7E;Team per task;Supportive atmosphere
3FJ2RVH25Z6V80TMY5QK6E5ZBW092H;A3UWM3KJYEL5XU;Unity of purpose;Vision
3FJ2RVH25Z6V80TMY5QK6E5ZBW092H;A3V9JE45AO02Q8;Unity of purpose;Supportive atmosphere
306996CF6WK778QNDL42S1QK7QP1B2;A1MHGD46DB5Z7H;Standup meeting;Communication
306996CF6WK778QNDL42S1QK7QP1B2;A3UWM3KJYEL5XU;Standup meeting;Communication
3EGKVCRQFWS4XE1QPABB6O1UEBXYBW;A365SN61J4UNGR;Vision;Enabling team processes
3EGKVCRQFWS4XE1QPABB6O1UEBXYBW;A2SBISQJE2ZPJQ;Vision;Supportive atmosphere
3LN3BXKGC0VWZQE1QVL1M27BJGPWGC;A1MHGD46DB5Z7H;Coffee kitchen;Motivating
3LN3BXKGC0VWZQE1QVL1M27BJGPWGC;A3HMDGRGC5JB7E;Coffee kitchen;Supportive atmosphere
3UXQ63NLAAMKXFUR6VMLCGZY5WUBLI;A154X03NKVZZL1;Deploy along the grain;Motivating
3UXQ63NLAAMKXFUR6VMLCGZY5WUBLI;A1MHGD46DB5Z7H;Deploy along the grain;Allocating resources
338431Z1FLFFJ7EDFKO34C8WIN1ROR;A2CK0OXMPOR9LE;Developing in pairs;Communication
338431Z1FLFFJ7EDFKO34C8WIN1ROR;A3UWM3KJYEL5XU;Developing in pairs;Team member selection
37SOB9Z0SSXFUKQER27FUX1MH4H3LJ;A365SN61J4UNGR;Solidarity ritual;Supportive atmosphere
37SOB9Z0SSXFUKQER27FUX1MH4H3LJ;ALLP45O3BDWYM;Solidarity ritual;Supportive atmosphere
3VEI3XUCZRXX47QEUK1ITCDMSSXRP8;ALLP45O3BDWYM;Boot camp;Consulting
3VEI3XUCZRXX47QEUK1ITCDMSSXRP8;A365SN61J4UNGR;Boot camp;Co-leadership
3S4TINXCC0NS30XOJN2D4X3S01ZBOZ;A2SBISQJE2ZPJQ;Forge the team;Continuous learning
3S4TINXCC0NS30XOJN2D4X3S01ZBOZ;A2CK0OXMPOR9LE;Forge the team;Conflict resolution
3HO4MYYR12OHAT0QJIXESN9P4MBU69;A1MHGD46DB5Z7H;Stand up Meeting;Planning and scheduling
3HO4MYYR12OHAT0QJIXESN9P4MBU69;A365SN61J4UNGR;Stand up Meeting;Supportive atmosphere
3QO7EE372ONVOCA4Y0UHT2YSF2HBQ7;A365SN61J4UNGR;Team owns individual velocities;Co-leadership
3QO7EE372ONVOCA4Y0UHT2YSF2HBQ7;ALLP45O3BDWYM;Team owns individual velocities;Enabling team processes
3GS542CVJVNN7XC9GOSI4L8BV6R95I;A154X03NKVZZL1;Cohesive team;Motivating
3GS542CVJVNN7XC9GOSI4L8BV6R95I;A1DZLZE63NE1ZI;Cohesive team;Motivating
3TZDZ3Y0JS6OJFBQF1Q61VVUJQM910;A2CK0OXMPOR9LE;Day care;Coaching
3TZDZ3Y0JS6OJFBQF1Q61VVUJQM910;A365SN61J4UNGR;Day care;Team structure management
30Y6N4AHYPWOFANOPBANTIWXE9URDU;A2CK0OXMPOR9LE;Phasing it in;Team member selection
30Y6N4AHYPWOFANOPBANTIWXE9URDU;A365SN61J4UNGR;Phasing it in;Team member selection
3RTFSSG7T86CLIS21MIHZUCJFXBWLI;A1MHGD46DB5Z7H;Don’t interrupt an interrupt;Communication
3RTFSSG7T86CLIS21MIHZUCJFXBWLI;A365SN61J4UNGR;Don’t interrupt an interrupt;Monitoring, controlling
3KA7IJSNW65AO09PYNFSTX8IA6VBPG;A3UWM3KJYEL5XU;Train everyone;Coaching
3KA7IJSNW65AO09PYNFSTX8IA6VBPG;A1MHGD46DB5Z7H;Train everyone;Communication
3511RHPADVE7DMBG2S8BCV42NIWRLA;A3UWM3KJYEL5XU;Guruing by walking around;Consulting
3511RHPADVE7DMBG2S8BCV42NIWRLA;A365SN61J4UNGR;Guruing by walking around;Mentoring
3BDORL6HKKDEAIHAPFFC9CEFT9IRCU;A365SN61J4UNGR;Shared clear vision;Vision
3BDORL6HKKDEAIHAPFFC9CEFT9IRCU;A3HMDGRGC5JB7E;Shared clear vision;Planning and scheduling
3NCN4N1H1GHALFXCI820P83NARUBNK;A3HMDGRGC5JB7E;Sprint retrospective;Communication
3NCN4N1H1GHALFXCI820P83NARUBNK;A154X03NKVZZL1;Sprint retrospective;Supportive atmosphere
3566S7OX5DJK5WNX04SMNZ4OO0Y17G;A3V9JE45AO02Q8;Grand finale;Communication
3566S7OX5DJK5WNX04SMNZ4OO0Y17G;A3HMDGRGC5JB7E;Grand finale;Enabling team processes
