CC_ProductionPotential.txt;Facilitate Team Cohesion
TB_Bootstrapping.txt;Prototype Team Identity
CC_OpenUpCommunication.txt;Organize for Complexity
MC_StandupMeetingA.txt;Structure for Task Effectiveness
A_MasterAndApprentice.txt;Organize for Complexity
R_FailedProjectWake.txt;Prototype Team Identity
ID_Sprint.txt;Structure for Task Effectiveness
TD_SacrificeOnePerson.txt;Organize for Complexity
ID_EndToEnd.txt;Facilitate Team Cohesion
WT_TeamSpace.txt;Organize for Complexity
TB_FaceToFaceBeforeRemote.txt;Prototype Team Identity
SO_TeamOwnsIndividualVelocities.txt;Structure for Task Effectiveness
T_CommunityOfTrust.txt;Prototype Team Identity
TB_GrowingYourTeam.txt;Organize for Complexity
WT_WaterCooler.txt;Prototype Team Identity
R_SolidarityRitual.txt;Facilitate Team Cohesion
ID_GenericsAndSpecifics.txt;Organize for Complexity
RM_ProtectTheVictim.txt;Organize for Complexity
CC_SocialTracker.txt;Facilitate Team Cohesion
RM_Ambassador.txt;Organize for Complexity
CC_BodySpeaks.txt;Facilitate Team Cohesion
CC_ReciprocalVisibility.txt;Organize for Complexity
I_SmokeFilledRoom.txt;Prototype Team Identity
TB_BootCamp.txt;Structure for Task Effectiveness
ID_ProductivityGames.txt;Prototype Team Identity
A_GatherDomainKnowledge.txt;Facilitate Team Cohesion
ID_DevelopmentEpisode.txt;Structure for Task Effectiveness
V_CohesiveTeam.txt;Facilitate Team Cohesion
I_Firewalls.txt;Prototype Team Identity
R_ReaffirmationRitual.txt;Prototype Team Identity
RM_Wanderer.txt;Prototype Team Identity
TD_DelegateComplexity.txt;Prototype Team Identity
ID_EffectiveHandover.txt;Structure for Task Effectiveness
ID_DeliverablesToGo.txt;Organize for Complexity
V_UnityOfPurpose.txt;Prototype Team Identity
TD_InterruptsUnjamBlocking.txt;Facilitate Team Cohesion
ID_SomeoneAlwaysMakesProgress.txt;Organize for Complexity
WT_VirtualSharedLocation.txt;Prototype Team Identity
TL_SprintRetrospective.txt;Organize for Complexity
TB_DiverseGroups.txt;Organize for Complexity
TD_ArchitectureTeam.txt;Prototype Team Identity
A_ParticipantObservation.txt;Prototype Team Identity
TB_FormFollowsFunction.txt;Organize for Complexity
CC_ReNegotiateComplexity.txt;Organize for Complexity
TB_ForgeTheTeam.txt;Organize for Complexity
WT_CoffeeKitchen.txt;Organize for Complexity
PP_DevelopingInPairs.txt;Structure for Task Effectiveness
R_GrandeFinale.txt;Organize for Complexity
CC_DontInterruptAnInterrupt.txt;Facilitate Team Cohesion
TB_LockEmUpTogether.txt;Organize for Complexity
TL_FairMemory.txt;Structure for Task Effectiveness
ID_PiecemealGrowth.txt;Facilitate Team Cohesion
GV_GroupValidation.txt;Facilitate Team Cohesion
TL_ShowAndTell.txt;Facilitate Team Cohesion
TB_PhasingItIn.txt;Prototype Team Identity
TD_InformalLaborPlan.txt;Facilitate Team Cohesion
MC_AdhocMeeting.txt;Facilitate Team Cohesion
V_Compass.txt;Prototype Team Identity
C_TrainEveryone.txt;Organize for Complexity
T_CollectiveResponsibility.txt;Organize for Complexity
ID_DeployAlongTheGrain.txt;Organize for Complexity
TD_RoundPegsForRoundHoles.txt;Prototype Team Identity
TD_FeatureAssignment.txt;Prototype Team Identity
RM_JoinForCompletion.txt;Organize for Complexity
TD_GetToKnowYourPeopleSkills.txt;Structure for Task Effectiveness
PP_PairToShare.txt;Prototype Team Identity
V_SharedClearVision.txt;Prototype Team Identity
CC_ManagementByTriggers.txt;Organize for Complexity
WT_PrivateSpace.txt;Prototype Team Identity
A_Apprenticeship_Apprentice.txt;Prototype Team Identity
RM_GuruingByWalkingAround.txt;Facilitate Team Cohesion
V_SetThePegs.txt;Prototype Team Identity
TD_TeamPerTask.txt;Facilitate Team Cohesion
C_EffectiveCoach.txt;Facilitate Team Cohesion
V_Vision.txt;Prototype Team Identity
CC_NormsOfConduct.txt;Prototype Team Identity
A_DayCare.txt;Prototype Team Identity
MC_StandupMeetingB.txt;Prototype Team Identity
