3TRB893CSJAH9BD0INDPUM8UQ8D7GK;A3PRZRK9IC5CBI;Development episode;Reassurance in team
3TRB893CSJAH9BD0INDPUM8UQ8D7GK;A3BI0AX5T5GVO3;Development episode;Orientation
359AP8GAGGK4SZXVG1H64VNFSGL7CA;A3BI0AX5T5GVO3;Diverse groups;Change
3XQ4XW3OD9CDDFPL7BQBN9AP33KS28;A110KENBXU7SUJ;Sprint;Conflict in roles, team
3XQ4XW3OD9CDDFPL7BQBN9AP33KS28;A36QWTX7JIIDT9;Sprint;Interpersonal rel.
3HXK2V1N4KFANAGUCBWUYVRMFSR2GZ;A1NM7ZPZ3NH412;Boot camp;Conflict in roles, team
3HXK2V1N4KFANAGUCBWUYVRMFSR2GZ;A2M5VW97GIYLHB;Boot camp;Interdependence in team
3QTFNPMJC6I63D0SOMI3BQAQ1DBZNB;ALLP45O3BDWYM;Open up communication;Communication
3QTFNPMJC6I63D0SOMI3BQAQ1DBZNB;A2SD7GN80U31GW;Open up communication;Goals, schedules
3VLL1PIENQOOLY04P1IGQFAVRNGZOQ;A110KENBXU7SUJ;Deliverables to go;Goals, schedules
3VLL1PIENQOOLY04P1IGQFAVRNGZOQ;A1I9ZBV75AVWUS;Deliverables to go;Goals, schedules
3W31J70BASWSNE4FZV6F80S1Y0LCKL;A3BI0AX5T5GVO3;Norms of conduct;Interdependence in team
3W31J70BASWSNE4FZV6F80S1Y0LCKL;A2SD7GN80U31GW;Norms of conduct;Reassurance in team
3U18MJKL1UMTVKPIW8YV0S95SVQCNQ;ALLP45O3BDWYM;Growing your team;Leadership experience
3U18MJKL1UMTVKPIW8YV0S95SVQCNQ;A110KENBXU7SUJ;Growing your team;Motivation
32CXT5U14G34E7JECXUCC15GA0XU8T;A2P065E9CYMYJL;Join for completion;Motivation
32CXT5U14G34E7JECXUCC15GA0XU8T;A1I9ZBV75AVWUS;Join for completion;Goals, schedules
3CKVGCS3PG56H5M7SOMX4LHA650S0O;ALLP45O3BDWYM;Social tracker;Communication
3CKVGCS3PG56H5M7SOMX4LHA650S0O;A3HNEYFOIJWPH1;Social tracker;Interpersonal rel.
3VGZ74AYTGGNLS8W94L0A808RJ4CGI;A3G0T5Y7OSC76S;Phasing it in;Goals, schedules
3VGZ74AYTGGNLS8W94L0A808RJ4CGI;A1WRYUFOYFF8QO;Phasing it in;Role definition
3S829FDFT218C690YAGFI0ILF9BXDU;A110KENBXU7SUJ;Collective responsibility;Role definition
3S829FDFT218C690YAGFI0ILF9BXDU;A1I9ZBV75AVWUS;Collective responsibility;Role definition
3NZ1E5QA6Z16VQR6E86EVR31JPQ5BM;A1WRYUFOYFF8QO;Fair memory;Complexity in tasks
3NZ1E5QA6Z16VQR6E86EVR31JPQ5BM;A2M5VW97GIYLHB;Fair memory;Complexity in tasks
3OJX0UFJ0Z74SC2OHP0QCX0RU6FU9I;A1I9ZBV75AVWUS;Reciprocal visibility;Conflict in roles, team
3OJX0UFJ0Z74SC2OHP0QCX0RU6FU9I;A320QA9HJFUOZO;Reciprocal visibility;Interpersonal rel.
3GONHBMNHVY0LVFSCL33YBLQWN1ZMB;A1I9ZBV75AVWUS;Forge the team;Conflict in roles, team
3GONHBMNHVY0LVFSCL33YBLQWN1ZMB;A14I3K8UN3612X;Forge the team;Role definition
3TC2K6WK9G2VUVACTDK66IAOR9E28J;A1NM7ZPZ3NH412;Face to face before remote;Communication
3TC2K6WK9G2VUVACTDK66IAOR9E28J;A3G0T5Y7OSC76S;Face to face before remote;Role definition
3X878VYTIEIBVBH57377C18IPTD7FL;A3HNEYFOIJWPH1;Re-negotiate complexity;Complexity in tasks
3X878VYTIEIBVBH57377C18IPTD7FL;A2P065E9CYMYJL;Re-negotiate complexity;Role definition
3RZS0FBRWKATY51VCNBN4HE0SARCPM;A3HNEYFOIJWPH1;Get to know your peoples skills;Communication
3RZS0FBRWKATY51VCNBN4HE0SARCPM;A14I3K8UN3612X;Get to know your peoples skills;Resources, techn. knowl.
3NRZ1LDP7W666YC541VVFFFL1SCZP7;A320QA9HJFUOZO;Body speaks;Communication
3NRZ1LDP7W666YC541VVFFFL1SCZP7;ALLP45O3BDWYM;Body speaks;Reassurance in team
3UL5XDRDNCJNTSTZBWM44PD0BJ558N;A1EQ2HDHF2WWSY;Gather domain knowledge;Complexity in tasks
3UL5XDRDNCJNTSTZBWM44PD0BJ558N;A3HNEYFOIJWPH1;Gather domain knowledge;Complexity in tasks
375VSR8FVW9RIBSKHTZKKAF02A0RZR;A2P065E9CYMYJL;Train everyone;Motivation
375VSR8FVW9RIBSKHTZKKAF02A0RZR;A1EQ2HDHF2WWSY;Train everyone;Role definition
3WYZV0QBFJDFX9BGKEP9NAULCOZXBN;A2P065E9CYMYJL;Someone always makes progress;Reassurance in team
3WYZV0QBFJDFX9BGKEP9NAULCOZXBN;A1I9ZBV75AVWUS;Someone always makes progress;Role definition
39XCQ6V3KY40PEABIHP6KBH95OF561;A1I9ZBV75AVWUS;Management by triggers;Communication
39XCQ6V3KY40PEABIHP6KBH95OF561;A2P065E9CYMYJL;Management by triggers;Conflict in roles, team
31MBOZ6PAOR37KMXKVIGN05GN0QCLO;A3749HUHYLI50L;Sprint retrospective;Complexity in tasks
31MBOZ6PAOR37KMXKVIGN05GN0QCLO;A2P065E9CYMYJL;Sprint retrospective;Role definition
3T5ZXGO9DEOR6ADK4EAKFK5V6OYZQY;ALLP45O3BDWYM;Effective handover;Change
3T5ZXGO9DEOR6ADK4EAKFK5V6OYZQY;A1I9ZBV75AVWUS;Effective handover;Role definition
3HO4MYYR12OHAT0QJIXESN9P457U67;A1EQ2HDHF2WWSY;Bootstrapping;Role definition
3HO4MYYR12OHAT0QJIXESN9P457U67;ALLP45O3BDWYM;Bootstrapping;Role definition
3GS542CVJVNN7XC9GOSI4L8BVPN59C;A110KENBXU7SUJ;Informal labor plan;Goals, schedules
3GS542CVJVNN7XC9GOSI4L8BVPN59C;A1I9ZBV75AVWUS;Informal labor plan;Goals, schedules
3VJ4PFXFJ37IXVCT9VEQ8SBB0OXUAX;A22JBMOHQKHTSS;Production potential;Leadership experience
3VJ4PFXFJ37IXVCT9VEQ8SBB0OXUAX;A1I9ZBV75AVWUS;Production potential;Reassurance in team
3EKZL9T8Y8M1LO37TA3IV8C96JHCHH;A1RT9SQ9D9DLOV;Compass;Conflict in roles, team
3EKZL9T8Y8M1LO37TA3IV8C96JHCHH;A2P065E9CYMYJL;Compass;Conflict in roles, team
3SZYX62S5G0JTEOG1RUYQPH50ZZ570;A1WRYUFOYFF8QO;Piecemeal growth;Motivation
3SZYX62S5G0JTEOG1RUYQPH50ZZ570;A2SD7GN80U31GW;Piecemeal growth;Goals, schedules
3FCO4VKOZ4DJPXH9CSN1UJNIDSY7E3;A2SD7GN80U31GW;Team space;Communication
3FCO4VKOZ4DJPXH9CSN1UJNIDSY7E3;A1WRYUFOYFF8QO;Team space;Goals, schedules
3DQYSJDTYLBD4CN0U5RZOI06FLCXEN;A2P065E9CYMYJL;Generics and specifics;Conflict in roles, team
3DQYSJDTYLBD4CN0U5RZOI06FLCXEN;AK8ONB60Q4RJ5;Generics and specifics;Complexity in tasks
31YWE12TE0CSVX8Q7XDTI88PTY8X71;A2P065E9CYMYJL;Day care;Complexity in tasks
31YWE12TE0CSVX8Q7XDTI88PTY8X71;A1EQ2HDHF2WWSY;Day care;Role definition
31KSVEGZ34SNOGNF66FDL6LIL8WRW1;A1NM7ZPZ3NH412;Round Pegs for Round Holes;Conflict in roles, team
31KSVEGZ34SNOGNF66FDL6LIL8WRW1;A110KENBXU7SUJ;Round Pegs for Round Holes;Role definition
3RQVKZ7ZRKJRUH5TJ8S0SIETGP827W;A1I9ZBV75AVWUS;Stand up Meeting;Communication
3RQVKZ7ZRKJRUH5TJ8S0SIETGP827W;A2P065E9CYMYJL;Stand up Meeting;Communication
3E9ZFLPWOYSPKHPMQOHQ9XYY7EJXIW;A1WRYUFOYFF8QO;Team owns individual velocities;Motivation
3E9ZFLPWOYSPKHPMQOHQ9XYY7EJXIW;A110KENBXU7SUJ;Team owns individual velocities;Goals, schedules
3UUSLRKAUL3EXR39GXCHO15XDGX7DA;A1EQ2HDHF2WWSY;Master and Apprentice;Resources, techn. knowl.
3UUSLRKAUL3EXR39GXCHO15XDGX7DA;A2P065E9CYMYJL;Master and Apprentice;Role definition
3IWA71V4TIG9RXULON81CU8TYNOX62;A2P065E9CYMYJL;Shared clear vision;Conflict in roles, team
3IWA71V4TIG9RXULON81CU8TYNOX62;A110KENBXU7SUJ;Shared clear vision;Orientation
3MJ9GGZYO369DJ3RQB4K29GJHXE2AN;A2M5VW97GIYLHB;Private space;Interpersonal rel.
3MJ9GGZYO369DJ3RQB4K29GJHXE2AN;A110KENBXU7SUJ;Private space;Motivation
3ZTE0JGGCESBD5PUXNY8FH9AI5VCO5;A110KENBXU7SUJ;Group validation;Reassurance in team
3ZTE0JGGCESBD5PUXNY8FH9AI5VCO5;A2P065E9CYMYJL;Group validation;Reassurance in team
3FJ2RVH25Z6V80TMY5QK6E5ZBFW298;A1I9ZBV75AVWUS;Architecture team;Orientation
3FJ2RVH25Z6V80TMY5QK6E5ZBFW298;A2P065E9CYMYJL;Architecture team;Role definition
3Z33IC0JC0M45RROMFAV8J2A8DP9VN;A110KENBXU7SUJ;Deploy along the grain;Conflict in roles, team
3Z33IC0JC0M45RROMFAV8J2A8DP9VN;A1I9ZBV75AVWUS;Deploy along the grain;Role definition
3I01FDIL6M87BQ63ALVMSAOP20B2DP;A110KENBXU7SUJ;Interrupts unjam blocking;Goals, schedules
3I01FDIL6M87BQ63ALVMSAOP20B2DP;A1I9ZBV75AVWUS;Interrupts unjam blocking;Goals, schedules
30UZJB2POHC1SVNTZFR8D85PVXD53V;A110KENBXU7SUJ;Apprentice;Interdependence in team
30UZJB2POHC1SVNTZFR8D85PVXD53V;A2P065E9CYMYJL;Apprentice;Role definition
3SV8KD29L4S5V7FPR9QNJYTM7I6ZK6;A1I9ZBV75AVWUS;Feature assignment;Role definition
3SV8KD29L4S5V7FPR9QNJYTM7I6ZK6;A2P065E9CYMYJL;Feature assignment;Role definition
3MQY1YVHS3KEWT8JWP4GXK0PZFZ2BI;A2P065E9CYMYJL;Lock em up together;Interdependence in team
3MQY1YVHS3KEWT8JWP4GXK0PZFZ2BI;A110KENBXU7SUJ;Lock em up together;Interpersonal rel.
33NKDW9FFXIY7E3MYEL4YU03U9ZXCU;A110KENBXU7SUJ;Grand finale;Motivation
33NKDW9FFXIY7E3MYEL4YU03U9ZXCU;A1NM7ZPZ3NH412;Grand finale;Reassurance in team
32FESTC2NHQ6QA9RT9AHEN1Z0RIUCZ;A110KENBXU7SUJ;Effective coach;Leadership experience
32FESTC2NHQ6QA9RT9AHEN1Z0RIUCZ;A1NM7ZPZ3NH412;Effective coach;Role definition
3PR3LXCWSFZW9GWJMUBDW4ZVOOX9XQ;A2541C8MY0BYV3;Team per task;Conflict in roles, team
3PR3LXCWSFZW9GWJMUBDW4ZVOOX9XQ;A3BI0AX5T5GVO3;Team per task;Goals, schedules
372AGES0I452DGS5GBBZNPZPUA2RXU;A2541C8MY0BYV3;Vision;Interdependence in team
372AGES0I452DGS5GBBZNPZPUA2RXU;A2P065E9CYMYJL;Vision;Interdependence in team
3RDTX9JRTY12U1QS4H7F25M7MVI79T;A2541C8MY0BYV3;Firewalls;Resources, techn. knowl.
3RDTX9JRTY12U1QS4H7F25M7MVI79T;A110KENBXU7SUJ;Firewalls;Role definition
33K3E8REWWVWVBD9H25ZW84K4IEX8O;A3HNEYFOIJWPH1;Set the pegs;Conflict in roles, team
33K3E8REWWVWVBD9H25ZW84K4IEX8O;A110KENBXU7SUJ;Set the pegs;Orientation
3OJX0UFJ0Z74SC2OHP0QCX0RU6G9UY;A1I9ZBV75AVWUS;Participant observation;Communication
3OJX0UFJ0Z74SC2OHP0QCX0RU6G9UY;A3HNEYFOIJWPH1;Participant observation;Reassurance in team
3XEIP58NL0NGFDX7C92OYY61WIBZL9;A1I9ZBV75AVWUS;Protect the victim;Conflict in roles, team
3XEIP58NL0NGFDX7C92OYY61WIBZL9;A1C59M3HPCO503;Protect the victim;Reassurance in team
3NSCTNUR2ZN1CGME8U6I0GJV1755AR;A1I9ZBV75AVWUS;Developing in pairs;Interdependence in team
3NSCTNUR2ZN1CGME8U6I0GJV1755AR;A2P065E9CYMYJL;Developing in pairs;Funding
3KWGG5KP6J2ND24IK7JVNDK5N5GCMQ;A2P065E9CYMYJL;Coffee kitchen;Change
3KWGG5KP6J2ND24IK7JVNDK5N5GCMQ;A38DC3BG1ZCVZ2;Coffee kitchen;Interpersonal rel.
3YKP7CX6G2FLIU5P21LBTBHXAVL7B3;A320QA9HJFUOZO;Failed project wake;Motivation
3YKP7CX6G2FLIU5P21LBTBHXAVL7B3;A2P065E9CYMYJL;Failed project wake;Reassurance in team
3J9L0X0VDFMHKGRTCPFRULLOFMR9WX;A1NM7ZPZ3NH412;Form follows function;Role definition
3J9L0X0VDFMHKGRTCPFRULLOFMR9WX;A2P065E9CYMYJL;Form follows function;Role definition
3LEG2HW4UFN49AKZ1RQCGARAEDR2F0;A3HNEYFOIJWPH1;Standup meeting;Communication
3LEG2HW4UFN49AKZ1RQCGARAEDR2F0;A3BI0AX5T5GVO3;Standup meeting;Motivation
33IXYHIZB5IC3WK36G66YS6A2CC2EI;A2P065E9CYMYJL;Don’t interrupt an interrupt;Interdependence in team
33IXYHIZB5IC3WK36G66YS6A2CC2EI;A3EBUBRYCKB6AF;Don’t interrupt an interrupt;Interpersonal rel.
3EQPA8A374WAKN979OQBIJT9ST6ZJ7;A1I9ZBV75AVWUS;Wanderer;Communication
3EQPA8A374WAKN979OQBIJT9ST6ZJ7;A2SBISQJE2ZPJQ;Wanderer;Orientation
3R5LWXWHR08BOQJR00HNOLLIS1RXG4;A1NM7ZPZ3NH412;Adhoc meeting;Communication
3R5LWXWHR08BOQJR00HNOLLIS1RXG4;A3BI0AX5T5GVO3;Adhoc meeting;Goals, schedules
3A9LA2FRWSEPOME2K6Z59LXJ714XH3;A1NM7ZPZ3NH412;Show and tell;Communication
3A9LA2FRWSEPOME2K6Z59LXJ714XH3;A3HNEYFOIJWPH1;Show and tell;Role definition
3VMHWJRYHVG5AQNWPGB560L6RMRXF5;A3BI0AX5T5GVO3;Ambassador;Communication
3VMHWJRYHVG5AQNWPGB560L6RMRXF5;A1WRYUFOYFF8QO;Ambassador;Conflict in roles, team
3IYI9285WS0XCUYXHA637LSOJBLCJM;A9KSSJXDB6GPE;Community of trust;Interdependence in team
3IYI9285WS0XCUYXHA637LSOJBLCJM;A3HNEYFOIJWPH1;Community of trust;Reassurance in team
3PR3LXCWSFZW9GWJMUBDW4ZVOOWX9D;A1I9ZBV75AVWUS;Virtual shared location;Communication
3PR3LXCWSFZW9GWJMUBDW4ZVOOWX9D;A2P065E9CYMYJL;Virtual shared location;Goals, schedules
3WRAAIUSBJZAEZ6OE0PDSZAFU6EXAS;A1I9ZBV75AVWUS;Sacrifice one person;Motivation
3WRAAIUSBJZAEZ6OE0PDSZAFU6EXAS;A3HNEYFOIJWPH1;Sacrifice one person;Motivation
3YD0MU1NC21GZK0XWNLFY0XRSD07A8;A2P065E9CYMYJL;Unity of purpose;Reassurance in team
3YD0MU1NC21GZK0XWNLFY0XRSD07A8;A2SBISQJE2ZPJQ;Unity of purpose;Orientation
3B6F54KMR2C6OU7PO7QXIQ0KBX6S1R;A3BI0AX5T5GVO3;Solidarity ritual;Reassurance in team
3B6F54KMR2C6OU7PO7QXIQ0KBX6S1R;A1I9ZBV75AVWUS;Solidarity ritual;Role definition
3PMR2DOWOO1MAR6XZTWRNDXV9X954G;A3HNEYFOIJWPH1;Productivity games;Interdependence in team
3PMR2DOWOO1MAR6XZTWRNDXV9X954G;A3BI0AX5T5GVO3;Productivity games;Reassurance in team
3PKVGQTFIHKRDLIFL7X1636YWGWRY0;A2P065E9CYMYJL;Reaffirmation ritual;Interpersonal rel.
3PKVGQTFIHKRDLIFL7X1636YWGWRY0;A2M5VW97GIYLHB;Reaffirmation ritual;Reassurance in team
3VQTAXTYN3LNG5HLF9EM33VHI6IUBS;A2M5VW97GIYLHB;Cohesive team;Interpersonal rel.
3VQTAXTYN3LNG5HLF9EM33VHI6IUBS;A2P065E9CYMYJL;Cohesive team;Motivation
30QQTY5GMKK0ETEV2S26Y19LZGRU76;A1I9ZBV75AVWUS;Smoke filled room;Goals, schedules
30QQTY5GMKK0ETEV2S26Y19LZGRU76;A2P065E9CYMYJL;Smoke filled room;Goals, schedules
3HEA4ZVWVDM46AAXDYF1S5399T455L;A3HNEYFOIJWPH1;Delegate complexity;Reassurance in team
3HEA4ZVWVDM46AAXDYF1S5399T455L;A1NM7ZPZ3NH412;Delegate complexity;Complexity in tasks
3IKDQS3DQE01HJERZSL3VKDO6WWCIA;AFDC9A6Z60W2Z;Pair to share;Change
3IKDQS3DQE01HJERZSL3VKDO6WWCIA;A2P065E9CYMYJL;Pair to share;Motivation
379OL9DBSSEL9LMTRQXFFI64QUR9YW;A3HNEYFOIJWPH1;Guruing by walking around;Interpersonal rel.
379OL9DBSSEL9LMTRQXFFI64QUR9YW;A2P065E9CYMYJL;Guruing by walking around;Reassurance in team
3TFJJUELSHPX6Y0PAP0B8467H0Z2CP;A320QA9HJFUOZO;End to end;Goals, schedules
3TFJJUELSHPX6Y0PAP0B8467H0Z2CP;A3HNEYFOIJWPH1;End to end;Role definition
356TQKY9XFX2GW7IZP1129RW2P0784;A3HNEYFOIJWPH1;The Water Cooler;Communication
356TQKY9XFX2GW7IZP1129RW2P0784;A2M5VW97GIYLHB;The Water Cooler;Role definition
