TB_MercenaryAnalyst.txt;early stuff documented;100.0
TB_MercenaryAnalyst.txt;quattro pro;56.0
TB_MercenaryAnalyst.txt;mercenary analyst;49.0
TB_MercenaryAnalyst.txt;alberti understood;48.0
TB_MercenaryAnalyst.txt;technical documentation;44.6842105263
TB_MercenaryAnalyst.txt;combining mercenaryanalyst;40.5
TB_MercenaryAnalyst.txt;mercenary;22.0
TB_MercenaryAnalyst.txt;projects;21.0
TB_MercenaryAnalyst.txt;expertise;20.0
TB_MercenaryAnalyst.txt;borland;20.0
TB_MercenaryAnalyst.txt;developers;20.0
TB_MercenaryAnalyst.txt;tools;18.0
TB_SelfSelectingTeam.txt;teams;19.2
TB_SelfSelectingTeam.txt;patronrole;12.0
CC_DontInterruptAnInterrupt.txt;foreign element;48.0
CC_DontInterruptAnInterrupt.txt;interrupt;16.0
CC_DontInterruptAnInterrupt.txt;complete;12.0
CC_DontInterruptAnInterrupt.txt;thrashing;12.0
CC_DontInterruptAnInterrupt.txt;scheduling;12.0
CC_DontInterruptAnInterrupt.txt;someonealwaysmakesprogress;12.0
ID_EndToEnd.txt;project;24.0
ID_EndToEnd.txt;customer;20.0
ID_EndToEnd.txt;product;18.0
ID_EndToEnd.txt;customers;16.0
ID_EndToEnd.txt;develop;12.0
ID_EndToEnd.txt;design;12.0
ID_EndToEnd.txt;sense;12.0
ID_EndToEnd.txt;developers;12.0
ID_EndToEnd.txt;requires;12.0
MC_FrequentShortMeetings.txt;team members;55.1555555556
MC_FrequentShortMeetings.txt;work hours;55.0
MC_FrequentShortMeetings.txt;team member;51.5555555556
MC_FrequentShortMeetings.txt;local team;51.5555555556
MC_FrequentShortMeetings.txt;global team;51.5555555556
MC_FrequentShortMeetings.txt;local decisions;51.0
MC_FrequentShortMeetings.txt;distributed team;47.5555555556
MC_FrequentShortMeetings.txt;system design;47.3333333333
MC_FrequentShortMeetings.txt;project planning;45.6
MC_FrequentShortMeetings.txt;preplanned meetings;44.7272727273
MC_FrequentShortMeetings.txt;domain experts;44.0
MC_FrequentShortMeetings.txt;constant focus;40.0
WT_PreparedWorkspace.txt;visiting team members;95.3846153846
WT_PreparedWorkspace.txt;remote team members;95.3846153846
WT_PreparedWorkspace.txt;team members;59.3846153846
WT_PreparedWorkspace.txt;single offices;56.0
WT_PreparedWorkspace.txt;global team;56.0
WT_PreparedWorkspace.txt;team room;55.4285714286
WT_PreparedWorkspace.txt;silent room;54.4285714286
WT_PreparedWorkspace.txt;local team;52.0
WT_PreparedWorkspace.txt;private time;49.7142857143
WT_PreparedWorkspace.txt;meeting area;48.0
WT_PreparedWorkspace.txt;work methods;48.0
WT_PreparedWorkspace.txt;vc equipment;48.0
MC_StandupMeetingB.txt;current project;49.0
MC_StandupMeetingB.txt;concise status;48.0
MC_StandupMeetingB.txt;design discussions;44.0
MC_StandupMeetingB.txt;empirical process;41.0
MC_StandupMeetingB.txt;iteration;20.0
MC_StandupMeetingB.txt;meeting;17.1428571429
MC_StandupMeetingB.txt;meetings;16.2352941176
MC_StandupMeetingB.txt;short;16.0
MC_StandupMeetingB.txt;purpose;16.0
MC_StandupMeetingB.txt;stand;14.0
MC_StandupMeetingB.txt;scheduled;12.0
MC_StandupMeetingB.txt;letting;12.0
RM_Ambassador.txt;visits build trust;96.0
RM_Ambassador.txt;remote group;48.0
RM_Ambassador.txt;longer;21.0
RM_Ambassador.txt;location;16.0
RM_Ambassador.txt;ambassador;15.0
RM_Ambassador.txt;sites;14.0
RM_Ambassador.txt;codebase;12.0
RM_Ambassador.txt;members;12.0
CC_ReciprocalVisibility.txt;reciprocal visibility;48.0
CC_ReciprocalVisibility.txt;scott;19.2
CC_ReciprocalVisibility.txt;actions;18.0
CC_ReciprocalVisibility.txt;pattern;16.8
CC_ReciprocalVisibility.txt;managers;12.0
CC_ReciprocalVisibility.txt;involved;12.0
CC_ReciprocalVisibility.txt;project;12.0
CC_ReciprocalVisibility.txt;understood;12.0
CC_ReciprocalVisibility.txt;state;12.0
CC_ReciprocalVisibility.txt;punished;12.0
PP_RemotePair.txt;remote pairing;52.8
PP_RemotePair.txt;team members;52.1142857143
PP_RemotePair.txt;location;12.0
PP_RemotePair.txt;sites;12.0
R_ReaffirmationRitual.txt;reaffirmation ritual;51.0
R_ReaffirmationRitual.txt;organization;16.0
R_ReaffirmationRitual.txt;world;12.0
R_ReaffirmationRitual.txt;fountain;12.0
R_ReaffirmationRitual.txt;employees;12.0
RM_Wanderer.txt;coffee kitchen;48.0
RM_Wanderer.txt;project manager;45.6
RM_Wanderer.txt;compilation process;40.0
RM_Wanderer.txt;status;27.0
RM_Wanderer.txt;information;20.0
RM_Wanderer.txt;project;17.6
RM_Wanderer.txt;management;16.8
RM_Wanderer.txt;problems;16.0
RM_Wanderer.txt;important;16.0
RM_Wanderer.txt;walking;12.0
RM_Wanderer.txt;coach;12.0
RM_Wanderer.txt;wanderer;12.0
TD_DelegateComplexity.txt;delegate complexity;41.4545454545
TD_DelegateComplexity.txt;managers;20.0
TD_DelegateComplexity.txt;complexity;17.4545454545
TD_DelegateComplexity.txt;people;16.0
TD_DelegateComplexity.txt;urgent;12.0
TD_DelegateComplexity.txt;engineers;12.0
WT_VirtualSharedLocation.txt;virtual shared location;102.0
WT_VirtualSharedLocation.txt;team members;51.0476190476
WT_VirtualSharedLocation.txt;place;24.0
WT_VirtualSharedLocation.txt;information;22.2857142857
TD_LocalDecisionCommunities.txt;local decision communities;100.5
TD_LocalDecisionCommunities.txt;local decisions;50.7857142857
TD_LocalDecisionCommunities.txt;decisions;22.2857142857
TD_LocalDecisionCommunities.txt;teams;16.0
TD_LocalDecisionCommunities.txt;rigor;12.0
TD_LocalDecisionCommunities.txt;architecture;12.0
A_ParticipantObservation.txt;understanding;20.0
A_ParticipantObservation.txt;roles;12.0
WT_CoffeeKitchen.txt;seating facilities;56.0
WT_CoffeeKitchen.txt;coffee kitchen;55.5
WT_CoffeeKitchen.txt;lateral thinking;48.0
WT_CoffeeKitchen.txt;social interaction;48.0
WT_CoffeeKitchen.txt;current problem;42.0
WT_CoffeeKitchen.txt;coffee;25.5
WT_CoffeeKitchen.txt;provide;24.0
WT_CoffeeKitchen.txt;space;21.0
WT_CoffeeKitchen.txt;break;18.0
WT_CoffeeKitchen.txt;problem;18.0
WT_CoffeeKitchen.txt;place;16.0
WT_CoffeeKitchen.txt;organizations;12.0
RM_CreateTheIdealCustomer.txt;agile project team;79.380952381
RM_CreateTheIdealCustomer.txt;agile project customer;75.5696316262
RM_CreateTheIdealCustomer.txt;senior manager;56.4
RM_CreateTheIdealCustomer.txt;user interface;54.4285714286
RM_CreateTheIdealCustomer.txt;agile team;53.8571428571
RM_CreateTheIdealCustomer.txt;agile project;53.380952381
RM_CreateTheIdealCustomer.txt;project management;53.0532212885
RM_CreateTheIdealCustomer.txt;change requests;52.7701863354
RM_CreateTheIdealCustomer.txt;term solution;52.0
RM_CreateTheIdealCustomer.txt;project manager;51.9238095238
RM_CreateTheIdealCustomer.txt;change request;49.9130434783
RM_CreateTheIdealCustomer.txt;project invariants;49.5238095238
GV_GroupValidation.txt;team learning;49.7142857143
GV_GroupValidation.txt;systemic problems;45.6
GV_GroupValidation.txt;quality;21.6
GV_GroupValidation.txt;review;18.0
GV_GroupValidation.txt;design;18.0
GV_GroupValidation.txt;pattern;15.0
GV_GroupValidation.txt;customer;12.0
GV_GroupValidation.txt;effective;12.0
GV_GroupValidation.txt;implementation;12.0
GV_GroupValidation.txt;system;12.0
GV_GroupValidation.txt;focus;12.0
GV_GroupValidation.txt;project;12.0
TL_SaunaSprintReview.txt;sprint review;47.4
TL_SaunaSprintReview.txt;process improvement;44.0
TL_SaunaSprintReview.txt;sprint;20.4
TL_SaunaSprintReview.txt;close;12.0
TL_SaunaSprintReview.txt;meeting;12.0
TL_SaunaSprintReview.txt;celebration;12.0
TD_InterruptsUnjamBlocking.txt;critical resource;40.0
TD_InterruptsUnjamBlocking.txt;process;24.0
TD_InterruptsUnjamBlocking.txt;service;20.0
TD_InterruptsUnjamBlocking.txt;project;19.5
TD_InterruptsUnjamBlocking.txt;resource;16.0
TD_InterruptsUnjamBlocking.txt;pattern;14.4
TD_InterruptsUnjamBlocking.txt;effective;12.0
TD_InterruptsUnjamBlocking.txt;hardware;12.0
TD_InterruptsUnjamBlocking.txt;provider;12.0
TD_InterruptsUnjamBlocking.txt;interrupt;12.0
TD_InterruptsUnjamBlocking.txt;impossible;12.0
V_Compass.txt;wasting time;48.0
V_Compass.txt;group members;44.2105263158
V_Compass.txt;group leader;36.2105263158
V_Compass.txt;group;20.2105263158
V_Compass.txt;event;20.0
V_Compass.txt;leader;16.0
V_Compass.txt;person;16.0
V_Compass.txt;program;15.0
V_Compass.txt;compass;15.0
V_Compass.txt;despair;12.0
V_Compass.txt;students;12.0
V_Compass.txt;responsibility;12.0
ID_NoHandoffs.txt;feedback;18.0
ID_NoHandoffs.txt;customer;15.6
T_TeamWherePeopleMatter.txt;younger project members;84.5714285714
T_TeamWherePeopleMatter.txt;team members;54.1818181818
T_TeamWherePeopleMatter.txt;kickoff meeting;52.0
T_TeamWherePeopleMatter.txt;team member;51.6818181818
T_TeamWherePeopleMatter.txt;growth path;50.4
T_TeamWherePeopleMatter.txt;team conflicts;50.1818181818
T_TeamWherePeopleMatter.txt;team bonding;50.1818181818
T_TeamWherePeopleMatter.txt;pattern talks;48.3076923077
T_TeamWherePeopleMatter.txt;successful completion;48.0
T_TeamWherePeopleMatter.txt;primary function;48.0
T_TeamWherePeopleMatter.txt;project manager;47.5714285714
T_TeamWherePeopleMatter.txt;low productivity;45.0
R_SolidarityRitual.txt;important;24.0
R_SolidarityRitual.txt;creating;12.0
R_SolidarityRitual.txt;maintain;12.0
R_SolidarityRitual.txt;project;12.0
R_SolidarityRitual.txt;culture;12.0
R_SolidarityRitual.txt;characterized;12.0
WT_PrivateSpace.txt;private space;49.0909090909
WT_PrivateSpace.txt;private affairs;45.0909090909
WT_PrivateSpace.txt;respect;16.0
WT_PrivateSpace.txt;privacy;12.0
WT_PrivateSpace.txt;provide;12.0
WT_PrivateSpace.txt;banned;12.0
WT_PrivateSpace.txt;common;12.0
WT_PrivateSpace.txt;cubicles;12.0
WT_PrivateSpace.txt;retreat;12.0
CC_NormsOfConduct.txt;scrum team;51.3333333333
CC_NormsOfConduct.txt;high performance;48.0
CC_NormsOfConduct.txt;productive conflict;44.0
CC_NormsOfConduct.txt;norms;17.1428571429
CC_NormsOfConduct.txt;conduct;16.8
CC_NormsOfConduct.txt;promises;12.0
CC_NormsOfConduct.txt;engage;12.0
CC_NormsOfConduct.txt;people;12.0
CC_NormsOfConduct.txt;formed;12.0
CC_NormsOfConduct.txt;professors;12.0
CC_NormsOfConduct.txt;accountable;12.0
A_DayCare.txt;mythical man;48.0
A_DayCare.txt;running software;48.0
A_DayCare.txt;training team;47.6538461538
A_DayCare.txt;progress team;47.5
A_DayCare.txt;make progress;46.0
A_DayCare.txt;total productivity;43.3333333333
A_DayCare.txt;training;22.1538461538
A_DayCare.txt;daycare;20.0
A_DayCare.txt;productivity;19.3333333333
A_DayCare.txt;people;18.0
A_DayCare.txt;separate;18.0
A_DayCare.txt;novices;16.9411764706
T_CommunityOfTrust.txt;design reviews;44.0
T_CommunityOfTrust.txt;patterns;21.0
T_CommunityOfTrust.txt;communication;20.0
T_CommunityOfTrust.txt;trust;17.4545454545
T_CommunityOfTrust.txt;people;16.0
T_CommunityOfTrust.txt;actions;16.0
T_CommunityOfTrust.txt;obvious;16.0
T_CommunityOfTrust.txt;empowerment;12.0
T_CommunityOfTrust.txt;communityoftrust;12.0
T_CommunityOfTrust.txt;responsibility;12.0
T_CommunityOfTrust.txt;responsibilities;12.0
T_CommunityOfTrust.txt;organization;12.0
SO_TeamOwnsIndividualVelocities.txt;optimistic estimator;55.0
SO_TeamOwnsIndividualVelocities.txt;individual velocities;48.0
SO_TeamOwnsIndividualVelocities.txt;agile team;48.0
SO_TeamOwnsIndividualVelocities.txt;individual velocity;44.5714285714
SO_TeamOwnsIndividualVelocities.txt;individual;24.0
SO_TeamOwnsIndividualVelocities.txt;estimates;24.0
SO_TeamOwnsIndividualVelocities.txt;tasks;21.0
SO_TeamOwnsIndividualVelocities.txt;velocity;20.5714285714
SO_TeamOwnsIndividualVelocities.txt;developer;20.0
SO_TeamOwnsIndividualVelocities.txt;pessimistic;16.0
SO_TeamOwnsIndividualVelocities.txt;numbers;12.0
SO_TeamOwnsIndividualVelocities.txt;iteration;12.0
TB_GrowingYourTeam.txt;team thinks;48.0
TB_GrowingYourTeam.txt;journey;16.0
TB_GrowingYourTeam.txt;pattern;12.0
TB_GrowingYourTeam.txt;change;12.0
TB_GrowingYourTeam.txt;level;12.0
WT_WaterCooler.txt;water cooler;52.1142857143
WT_WaterCooler.txt;locker room;48.0
WT_WaterCooler.txt;coffee;22.6666666667
WT_WaterCooler.txt;culture;22.2857142857
WT_WaterCooler.txt;teams;20.0
WT_WaterCooler.txt;company;19.2
WT_WaterCooler.txt;group;18.0
WT_WaterCooler.txt;members;18.0
WT_WaterCooler.txt;people;17.1428571429
WT_WaterCooler.txt;pattern;16.0
WT_WaterCooler.txt;building;16.0
WT_WaterCooler.txt;organizations;16.0
RM_ProtectTheVictim.txt;group members;48.16
RM_ProtectTheVictim.txt;group;20.16
RM_ProtectTheVictim.txt;energies;20.0
RM_ProtectTheVictim.txt;individual;16.0
RM_ProtectTheVictim.txt;context;16.0
RM_ProtectTheVictim.txt;finding;16.0
RM_ProtectTheVictim.txt;solution;14.4
RM_ProtectTheVictim.txt;person;12.0
RM_ProtectTheVictim.txt;programmers;12.0
RM_ProtectTheVictim.txt;solving;12.0
RM_ProtectTheVictim.txt;blaming;12.0
RM_ProtectTheVictim.txt;failure;12.0
V_CohesiveTeam.txt;team members;55.0
V_CohesiveTeam.txt;common motivation;52.0
V_CohesiveTeam.txt;cohesive team;52.0
V_CohesiveTeam.txt;constraint discovery;48.0
V_CohesiveTeam.txt;business domain;48.0
V_CohesiveTeam.txt;problem space;42.3
V_CohesiveTeam.txt;users;20.0
V_CohesiveTeam.txt;problem;19.5
V_CohesiveTeam.txt;system;16.0
V_CohesiveTeam.txt;interests;12.0
V_CohesiveTeam.txt;activities;12.0
V_CohesiveTeam.txt;requirements;12.0
MC_AdhocMeeting.txt;adhoc meeting;46.8
MC_AdhocMeeting.txt;status meeting;44.8
MC_AdhocMeeting.txt;project;24.0
MC_AdhocMeeting.txt;important;24.0
MC_AdhocMeeting.txt;meeting;20.8
MC_AdhocMeeting.txt;issue;19.2
MC_AdhocMeeting.txt;group;18.0
MC_AdhocMeeting.txt;meetings;15.4285714286
MC_AdhocMeeting.txt;solution;15.4285714286
MC_AdhocMeeting.txt;topic;12.0
MC_AdhocMeeting.txt;stake;12.0
MC_AdhocMeeting.txt;missing;12.0
ID_DevelopmentEpisode.txt;ah ha;48.0
ID_DevelopmentEpisode.txt;episode;18.0
ID_DevelopmentEpisode.txt;development;16.0
ID_DevelopmentEpisode.txt;group;16.0
ID_DevelopmentEpisode.txt;point;12.0
ID_DevelopmentEpisode.txt;bibref;12.0
ID_DevelopmentEpisode.txt;specialty;12.0
ID_DevelopmentEpisode.txt;important;12.0
ID_DevelopmentEpisode.txt;master;12.0
ID_DevelopmentEpisode.txt;build;12.0
ID_DevelopmentEpisode.txt;shared;12.0
ID_DevelopmentEpisode.txt;diminish;12.0
TB_PhasingItIn.txt;critical mass;48.0
TB_PhasingItIn.txt;early;22.0
TB_PhasingItIn.txt;people;18.0
TB_PhasingItIn.txt;project;17.1428571429
TB_PhasingItIn.txt;projects;16.0
TB_PhasingItIn.txt;staff;15.0
TB_PhasingItIn.txt;business;12.0
TB_PhasingItIn.txt;bibref;12.0
TB_PhasingItIn.txt;cover;12.0
TB_PhasingItIn.txt;individuals;12.0
TB_PhasingItIn.txt;organization;12.0
CC_SocialTracker.txt;tests written;48.0
CC_SocialTracker.txt;information radiators;48.0
CC_SocialTracker.txt;grained knowledge;46.0
CC_SocialTracker.txt;tracker;18.4615384615
CC_SocialTracker.txt;tasks;16.8
CC_SocialTracker.txt;customer;16.0
CC_SocialTracker.txt;completed;16.0
CC_SocialTracker.txt;progress;15.0
CC_SocialTracker.txt;iteration;12.0
CC_SocialTracker.txt;number;12.0
CC_SocialTracker.txt;stand;12.0
CC_SocialTracker.txt;developers;12.0
SO_ConsiderPManAsset.txt;senior project manager;91.150742115
SO_ConsiderPManAsset.txt;agile team works;80.0823798627
SO_ConsiderPManAsset.txt;senior management;58.6220095694
SO_ConsiderPManAsset.txt;project manager;58.4234693878
SO_ConsiderPManAsset.txt;agile project;55.1471535983
SO_ConsiderPManAsset.txt;agile team;54.0823798627
SO_ConsiderPManAsset.txt;project management;53.5682062299
SO_ConsiderPManAsset.txt;agile approaches;51.4736842105
SO_ConsiderPManAsset.txt;determined work;50.6666666667
SO_ConsiderPManAsset.txt;projects goals;48.380952381
SO_ConsiderPManAsset.txt;framework conditions;48.0
SO_ConsiderPManAsset.txt;organized work;46.9743589744
TD_RoundPegsForRoundHoles.txt;allocate tasks appropriately;93.7142857143
TD_RoundPegsForRoundHoles.txt;team members;52.0
TD_RoundPegsForRoundHoles.txt;working;21.0
TD_RoundPegsForRoundHoles.txt;assignments;20.0
TD_RoundPegsForRoundHoles.txt;preferences;18.0
TD_RoundPegsForRoundHoles.txt;people;17.1428571429
TD_RoundPegsForRoundHoles.txt;individuals;15.0
TD_RoundPegsForRoundHoles.txt;developers;12.0
TD_RoundPegsForRoundHoles.txt;solution;12.0
TD_RoundPegsForRoundHoles.txt;individual;12.0
TD_RoundPegsForRoundHoles.txt;observations;12.0
TD_RoundPegsForRoundHoles.txt;technologies;12.0
TD_FeatureAssignment.txt;assignment;21.0
TD_FeatureAssignment.txt;feature;18.8571428571
TD_FeatureAssignment.txt;features;16.8
TD_FeatureAssignment.txt;doesn;16.0
TD_FeatureAssignment.txt;architecture;15.0
TD_FeatureAssignment.txt;codeownership;14.0
TD_FeatureAssignment.txt;working;12.0
TD_FeatureAssignment.txt;people;12.0
TD_FeatureAssignment.txt;maintain;12.0
TD_FeatureAssignment.txt;featureassignment;12.0
TD_FeatureAssignment.txt;problem;12.0
TD_FeatureAssignment.txt;approach;12.0
V_Vision.txt;team takes ownership;100.8
V_Vision.txt;team members;48.8
V_Vision.txt;product organization;48.0
V_Vision.txt;retrieved august 27;48.0
V_Vision.txt;shared goal;46.5
V_Vision.txt;product vision;41.5
V_Vision.txt;great vision;41.5
V_Vision.txt;product;24.0
V_Vision.txt;shared;22.5
V_Vision.txt;group;20.0
V_Vision.txt;toyota;18.0
V_Vision.txt;vision;17.5
CC_ManagementByTriggers.txt;project;24.0
CC_ManagementByTriggers.txt;tracking;20.0
CC_ManagementByTriggers.txt;change;15.0
CC_ManagementByTriggers.txt;control;12.0
CC_ManagementByTriggers.txt;adding;12.0
CC_ManagementByTriggers.txt;vases;12.0
CC_ManagementByTriggers.txt;problems;12.0
CC_ManagementByTriggers.txt;complexity;12.0
CC_ManagementByTriggers.txt;trigger;12.0
CC_ManagementByTriggers.txt;build;12.0
CC_ManagementByTriggers.txt;hands;12.0
CC_ManagementByTriggers.txt;class;12.0
TD_WorkSplit.txt;split;16.0
V_SetThePegs.txt;team members;54.0
V_SetThePegs.txt;mediation process;49.0
V_SetThePegs.txt;long time;48.0
V_SetThePegs.txt;group life;40.9090909091
V_SetThePegs.txt;expected norms;40.3636363636
V_SetThePegs.txt;people;21.6
V_SetThePegs.txt;values;20.0
V_SetThePegs.txt;rules;18.6666666667
V_SetThePegs.txt;group;16.9090909091
V_SetThePegs.txt;norms;16.3636363636
V_SetThePegs.txt;behavior;16.0
V_SetThePegs.txt;conduct;15.0
TB_Kickoff.txt;distributed team;55.8
TB_Kickoff.txt;team members;54.0
TB_Kickoff.txt;trust;15.0
TB_Kickoff.txt;project;12.0
TB_Kickoff.txt;kickoff;12.0
RM_GuruingByWalkingAround.txt;knowledge;16.0
RM_GuruingByWalkingAround.txt;offer;12.0
RM_GuruingByWalkingAround.txt;people;12.0
RM_GuruingByWalkingAround.txt;share;12.0
RM_GuruingByWalkingAround.txt;newbies;12.0
RM_GuruingByWalkingAround.txt;cocky;12.0
RM_GuruingByWalkingAround.txt;problem;12.0
RM_GuruingByWalkingAround.txt;saunter;12.0
RM_GuruingByWalkingAround.txt;arrogant;12.0
TD_GetToKnowYourPeopleSkills.txt;multiply;12.0
TD_GetToKnowYourPeopleSkills.txt;estimate;12.0
TD_GetToKnowYourPeopleSkills.txt;effort;12.0
PP_DevelopingInPairs.txt;tight coupling;48.0
PP_DevelopingInPairs.txt;reviews;22.0
PP_DevelopingInPairs.txt;developer;21.6
PP_DevelopingInPairs.txt;pharmacist;21.0
PP_DevelopingInPairs.txt;written;20.0
PP_DevelopingInPairs.txt;problems;20.0
PP_DevelopingInPairs.txt;effective;20.0
PP_DevelopingInPairs.txt;programmer;18.0
PP_DevelopingInPairs.txt;pairs;18.0
PP_DevelopingInPairs.txt;working;16.0
PP_DevelopingInPairs.txt;people;15.2727272727
PP_DevelopingInPairs.txt;tester;15.0
CC_ProductionPotential.txt;team members;57.4545454545
CC_ProductionPotential.txt;team progress;52.2131661442
CC_ProductionPotential.txt;production potential;51.0
CC_ProductionPotential.txt;potential energy;48.0
CC_ProductionPotential.txt;fair assessment;48.0
CC_ProductionPotential.txt;source code;48.0
CC_ProductionPotential.txt;teams;24.0
CC_ProductionPotential.txt;progress;22.7586206897
CC_ProductionPotential.txt;pattern;20.0
CC_ProductionPotential.txt;problem;20.0
CC_ProductionPotential.txt;project;18.8571428571
CC_ProductionPotential.txt;solution;18.0
CC_OpenUpCommunication.txt;agile team;54.3333333333
CC_OpenUpCommunication.txt;early feedback;52.0
CC_OpenUpCommunication.txt;agile project;51.3636363636
CC_OpenUpCommunication.txt;project management;50.4505928854
CC_OpenUpCommunication.txt;ground rules;46.6666666667
CC_OpenUpCommunication.txt;communication plan;43.2
CC_OpenUpCommunication.txt;losing control;42.8571428571
CC_OpenUpCommunication.txt;control information;37.1180124224
CC_OpenUpCommunication.txt;project;24.3636363636
CC_OpenUpCommunication.txt;rules;22.6666666667
CC_OpenUpCommunication.txt;decide;20.0
CC_OpenUpCommunication.txt;communication;19.2
R_FailedProjectWake.txt;trident project;41.3333333333
R_FailedProjectWake.txt;project;17.3333333333
R_FailedProjectWake.txt;party;16.8
R_FailedProjectWake.txt;reasons;16.0
R_FailedProjectWake.txt;death;12.0
R_FailedProjectWake.txt;success;12.0
R_FailedProjectWake.txt;ahead;12.0
R_FailedProjectWake.txt;mourning;12.0
R_FailedProjectWake.txt;canceled;12.0
R_FailedProjectWake.txt;efforts;12.0
ID_Sprint.txt;daily scrum meetings;87.3
ID_Sprint.txt;real progress;54.4
ID_Sprint.txt;scrum meetings;51.3
ID_Sprint.txt;work undisturbed;45.0
ID_Sprint.txt;development process;39.8181818182
ID_Sprint.txt;project managers;38.0
ID_Sprint.txt;scrum;22.5
ID_Sprint.txt;working;22.0
ID_Sprint.txt;development;21.8181818182
ID_Sprint.txt;allocated;20.0
ID_Sprint.txt;unpredictable;20.0
ID_Sprint.txt;process;18.0
TB_FaceToFaceBeforeRemote.txt;working remotely;48.0
TB_FaceToFaceBeforeRemote.txt;social aspects;48.0
TB_FaceToFaceBeforeRemote.txt;united states;48.0
TB_FaceToFaceBeforeRemote.txt;big deal;48.0
TB_FaceToFaceBeforeRemote.txt;face meeting;45.4285714286
TB_FaceToFaceBeforeRemote.txt;initial meeting;45.4285714286
TB_FaceToFaceBeforeRemote.txt;distributed project;42.4615384615
TB_FaceToFaceBeforeRemote.txt;meeting;21.4285714286
TB_FaceToFaceBeforeRemote.txt;people;18.6666666667
TB_FaceToFaceBeforeRemote.txt;project;18.4615384615
TB_FaceToFaceBeforeRemote.txt;conversations;16.0
TB_FaceToFaceBeforeRemote.txt;place;14.0
V_UnityOfPurpose.txt;shared vision;48.0
V_UnityOfPurpose.txt;final product;45.0
V_UnityOfPurpose.txt;important;21.0
V_UnityOfPurpose.txt;leader;18.0
V_UnityOfPurpose.txt;unityofpurpose;16.8
V_UnityOfPurpose.txt;people;16.0
V_UnityOfPurpose.txt;members;16.0
V_UnityOfPurpose.txt;means;16.0
V_UnityOfPurpose.txt;customers;12.0
V_UnityOfPurpose.txt;schedule;12.0
V_UnityOfPurpose.txt;backgrounds;12.0
V_UnityOfPurpose.txt;competition;12.0
TL_Retrospective.txt;process;16.0
T_CollectiveResponsibility.txt;agile development;51.0
T_CollectiveResponsibility.txt;collective responsibility;40.4571428571
T_CollectiveResponsibility.txt;blame;19.5
T_CollectiveResponsibility.txt;responsibility;18.8571428571
T_CollectiveResponsibility.txt;pressure;18.0
T_CollectiveResponsibility.txt;individual;16.0
T_CollectiveResponsibility.txt;rights;12.0
T_CollectiveResponsibility.txt;things;12.0
T_CollectiveResponsibility.txt;wrong;12.0
T_CollectiveResponsibility.txt;project;12.0
T_CollectiveResponsibility.txt;responsibilities;12.0
T_CollectiveResponsibility.txt;situations;12.0
ID_ProductivityGames.txt;productivity games;52.1818181818
ID_ProductivityGames.txt;iterative development;51.0
ID_ProductivityGames.txt;game playing;51.0
ID_ProductivityGames.txt;shared culture;46.2857142857
ID_ProductivityGames.txt;culture;22.2857142857
ID_ProductivityGames.txt;people;18.0
ID_ProductivityGames.txt;deliverable;18.0
ID_ProductivityGames.txt;context;16.0
ID_ProductivityGames.txt;interaction;16.0
ID_ProductivityGames.txt;individuals;12.0
I_Firewalls.txt;customer contacts;48.0
I_Firewalls.txt;organization;21.0
I_Firewalls.txt;boulder;20.0
I_Firewalls.txt;developers;19.2
I_Firewalls.txt;customers;16.0
I_Firewalls.txt;pattern;14.4
I_Firewalls.txt;information;14.4
I_Firewalls.txt;control;12.0
I_Firewalls.txt;stone;12.0
I_Firewalls.txt;gatekeeper;12.0
I_Firewalls.txt;point;12.0
I_Firewalls.txt;bibref;12.0
TB_DiverseGroups.txt;user interface;48.0
TB_DiverseGroups.txt;ethnic diversity;42.0
TB_DiverseGroups.txt;diversity;18.0
TB_DiverseGroups.txt;people;18.0
TB_DiverseGroups.txt;roles;16.0
TB_DiverseGroups.txt;solution;16.0
TB_DiverseGroups.txt;interest;16.0
TB_DiverseGroups.txt;change;16.0
TB_DiverseGroups.txt;author;12.0
TB_DiverseGroups.txt;process;12.0
TB_DiverseGroups.txt;bibref;12.0
TB_DiverseGroups.txt;variation;12.0
ID_SomeoneAlwaysMakesProgress.txt;primary task;48.0
ID_SomeoneAlwaysMakesProgress.txt;scylla;21.0
ID_SomeoneAlwaysMakesProgress.txt;atalanta;16.8
ID_SomeoneAlwaysMakesProgress.txt;distractions;16.8
ID_SomeoneAlwaysMakesProgress.txt;separate;16.0
ID_SomeoneAlwaysMakesProgress.txt;apples;16.0
ID_SomeoneAlwaysMakesProgress.txt;complete;12.0
ID_SomeoneAlwaysMakesProgress.txt;person;12.0
ID_SomeoneAlwaysMakesProgress.txt;bibref;12.0
ID_SomeoneAlwaysMakesProgress.txt;pattern;12.0
ID_SomeoneAlwaysMakesProgress.txt;project;12.0
ID_SomeoneAlwaysMakesProgress.txt;charybdis;12.0
TD_TeamPerTask.txt;increase flow time;97.8
TD_TeamPerTask.txt;main team;50.0
TD_TeamPerTask.txt;primary task;48.0
TD_TeamPerTask.txt;designing software;40.0
TD_TeamPerTask.txt;people;20.0
TD_TeamPerTask.txt;analysis;20.0
TD_TeamPerTask.txt;parallelism;20.0
TD_TeamPerTask.txt;project;19.2
TD_TeamPerTask.txt;requirements;18.6666666667
TD_TeamPerTask.txt;meetings;18.0
TD_TeamPerTask.txt;programming;18.0
TD_TeamPerTask.txt;design;16.5
R_GrandeFinale.txt;grand finale;48.0
R_GrandeFinale.txt;good experience;44.2285714286
R_GrandeFinale.txt;experience;15.4285714286
R_GrandeFinale.txt;closure;12.0
R_GrandeFinale.txt;perception;12.0
R_GrandeFinale.txt;series;12.0
R_GrandeFinale.txt;program;12.0
R_GrandeFinale.txt;future;12.0
TB_FormFollowsFunction.txt;defined roles;44.25
TB_FormFollowsFunction.txt;project;24.0
TB_FormFollowsFunction.txt;pattern;21.0
TB_FormFollowsFunction.txt;roles;20.25
TB_FormFollowsFunction.txt;organization;18.0
TB_FormFollowsFunction.txt;activities;16.8
TB_FormFollowsFunction.txt;function;16.0
TB_FormFollowsFunction.txt;structure;16.0
TB_FormFollowsFunction.txt;developer;15.0
TB_FormFollowsFunction.txt;specialization;12.0
TB_FormFollowsFunction.txt;experience;12.0
TB_FormFollowsFunction.txt;visitors;12.0
CC_ReNegotiateComplexity.txt;project leader;41.3333333333
CC_ReNegotiateComplexity.txt;project;17.3333333333
CC_ReNegotiateComplexity.txt;questions;16.0
CC_ReNegotiateComplexity.txt;terms;12.0
CC_ReNegotiateComplexity.txt;success;12.0
CC_ReNegotiateComplexity.txt;responsible;12.0
CC_ReNegotiateComplexity.txt;conditions;12.0
CC_ReNegotiateComplexity.txt;change;12.0
TB_LockEmUpTogether.txt;architecture;18.0
TB_LockEmUpTogether.txt;lockemuptogether;15.0
TB_LockEmUpTogether.txt;pattern;15.0
TB_LockEmUpTogether.txt;person;14.4
TB_LockEmUpTogether.txt;architectureteam;12.0
TB_LockEmUpTogether.txt;purpose;12.0
TB_LockEmUpTogether.txt;create;12.0
TB_LockEmUpTogether.txt;effect;12.0
TB_LockEmUpTogether.txt;architects;12.0
TB_LockEmUpTogether.txt;happen;12.0
TB_LockEmUpTogether.txt;approach;12.0
TB_LockEmUpTogether.txt;facetofacebeforeworkingremotely;12.0
TL_ShowAndTell.txt;design;22.0
TL_ShowAndTell.txt;session;20.0
TL_ShowAndTell.txt;problem;18.0
TL_ShowAndTell.txt;solutions;17.4545454545
TL_ShowAndTell.txt;pattern;16.0
TL_ShowAndTell.txt;solution;16.0
TL_ShowAndTell.txt;architecture;16.0
TL_ShowAndTell.txt;individual;12.0
TL_ShowAndTell.txt;sessions;12.0
TL_ShowAndTell.txt;process;12.0
TL_ShowAndTell.txt;problems;12.0
TL_ShowAndTell.txt;understood;12.0
A_MasterAndApprentice.txt;writing tests;52.0
A_MasterAndApprentice.txt;human communication;48.0
A_MasterAndApprentice.txt;personal experience;48.0
A_MasterAndApprentice.txt;traditional processes;48.0
A_MasterAndApprentice.txt;team members;48.0
A_MasterAndApprentice.txt;project;21.0
A_MasterAndApprentice.txt;person;21.0
A_MasterAndApprentice.txt;topic;20.0
A_MasterAndApprentice.txt;learning;20.0
A_MasterAndApprentice.txt;knowledge;20.0
A_MasterAndApprentice.txt;pattern;20.0
A_MasterAndApprentice.txt;domain;19.2
TD_InformalLaborPlan.txt;informal labor plan;100.0
TD_InformalLaborPlan.txt;developmentepisode;18.0
TD_InformalLaborPlan.txt;bibref;12.0
TD_InformalLaborPlan.txt;threshold;12.0
TD_InformalLaborPlan.txt;planning;12.0
TD_InformalLaborPlan.txt;developers;12.0
C_TrainEveryone.txt;agile project;45.0
C_TrainEveryone.txt;project;18.0
C_TrainEveryone.txt;training;17.0
C_TrainEveryone.txt;customer;16.0
C_TrainEveryone.txt;coach;16.0
C_TrainEveryone.txt;practices;16.0
C_TrainEveryone.txt;trainer;12.0
C_TrainEveryone.txt;skilled;12.0
C_TrainEveryone.txt;bring;12.0
C_TrainEveryone.txt;methodology;12.0
C_TrainEveryone.txt;including;12.0
C_TrainEveryone.txt;developers;12.0
PP_PairToShare.txt;pair programming;48.0
PP_PairToShare.txt;laurie williams;48.0
PP_PairToShare.txt;encourage people;44.5714285714
PP_PairToShare.txt;people;20.5714285714
PP_PairToShare.txt;knowledge;19.2
PP_PairToShare.txt;information;16.0
PP_PairToShare.txt;spread;16.0
PP_PairToShare.txt;economy;16.0
PP_PairToShare.txt;rubyonrails;16.0
PP_PairToShare.txt;great;16.0
PP_PairToShare.txt;opportunity;16.0
PP_PairToShare.txt;skeptic;15.0
A_Apprenticeship_Apprentice.txt;people;18.0
A_Apprenticeship_Apprentice.txt;project;12.0
A_Apprenticeship_Apprentice.txt;organization;12.0
A_Apprenticeship_Apprentice.txt;experts;12.0
TL_FairMemory.txt;happened;16.0
TL_FairMemory.txt;sprint;15.0
TL_FairMemory.txt;issues;15.0
TL_FairMemory.txt;retrospective;12.0
TL_FairMemory.txt;process;12.0
TL_FairMemory.txt;experiences;12.0
TL_FairMemory.txt;forgotten;12.0
TL_FairMemory.txt;beginning;12.0
TL_FairMemory.txt;problem;12.0
TL_FairMemory.txt;improve;12.0
RM_JoinForCompletion.txt;remote team members;87.0
RM_JoinForCompletion.txt;team members;57.0
RM_JoinForCompletion.txt;user community;51.0
RM_JoinForCompletion.txt;final tuning;45.0
RM_JoinForCompletion.txt;tuning;21.0
RM_JoinForCompletion.txt;product;20.5714285714
RM_JoinForCompletion.txt;testing;19.5
RM_JoinForCompletion.txt;working;19.2
RM_JoinForCompletion.txt;engineering;18.0
RM_JoinForCompletion.txt;space;16.0
RM_JoinForCompletion.txt;efficient;16.0
RM_JoinForCompletion.txt;tester;16.0
TB_Bootstrapping.txt;newly formed team;100.0
TB_Bootstrapping.txt;software architecture;56.8
TB_Bootstrapping.txt;team members;49.0
TB_Bootstrapping.txt;candidate responsibilities;43.0
TB_Bootstrapping.txt;approach;21.0
TB_Bootstrapping.txt;understand;20.0
TB_Bootstrapping.txt;responsibilities;19.0
TB_Bootstrapping.txt;people;18.0
TB_Bootstrapping.txt;individual;18.0
TB_Bootstrapping.txt;object;18.0
TB_Bootstrapping.txt;context;18.0
TB_Bootstrapping.txt;developers;16.8
TD_ArchitectureTeam.txt;architecture team;46.021978022
TD_ArchitectureTeam.txt;initial architecture;44.3076923077
TD_ArchitectureTeam.txt;architecture;20.3076923077
TD_ArchitectureTeam.txt;pattern;19.2
TD_ArchitectureTeam.txt;architects;15.0
TD_ArchitectureTeam.txt;architectureteam;12.0
TD_ArchitectureTeam.txt;bibref;12.0
TD_ArchitectureTeam.txt;create;12.0
TD_ArchitectureTeam.txt;system;12.0
TD_ArchitectureTeam.txt;design;12.0
TD_ArchitectureTeam.txt;committee;12.0
TD_ArchitectureTeam.txt;master;12.0
CC_MailingList.txt;mailing list;48.0
CC_MailingList.txt;establish;12.0
MC_StandupMeetingA.txt;agile team;48.0
MC_StandupMeetingA.txt;short term;45.6
MC_StandupMeetingA.txt;effective coach;42.0
MC_StandupMeetingA.txt;practice;21.0
MC_StandupMeetingA.txt;coach;18.0
MC_StandupMeetingA.txt;information;16.0
MC_StandupMeetingA.txt;scrum;16.0
MC_StandupMeetingA.txt;tracker;16.0
MC_StandupMeetingA.txt;stand;15.4285714286
MC_StandupMeetingA.txt;customer;14.6666666667
MC_StandupMeetingA.txt;meeting;14.4
MC_StandupMeetingA.txt;iteration;14.0
V_PlanningWorkshop.txt;planning workshop;48.0
V_PlanningWorkshop.txt;features;12.0
V_PlanningWorkshop.txt;increment;12.0
TD_SacrificeOnePerson.txt;project winifred;50.0
TD_SacrificeOnePerson.txt;bug fixes;48.0
TD_SacrificeOnePerson.txt;sacrificial lamb;48.0
TD_SacrificeOnePerson.txt;primary task;48.0
TD_SacrificeOnePerson.txt;design team;43.5
TD_SacrificeOnePerson.txt;small distractions;42.6
TD_SacrificeOnePerson.txt;design;19.5
TD_SacrificeOnePerson.txt;assigned;18.0
TD_SacrificeOnePerson.txt;person;16.6153846154
TD_SacrificeOnePerson.txt;schedule;16.0
TD_SacrificeOnePerson.txt;thought;16.0
TD_SacrificeOnePerson.txt;release;15.0
ID_PiecemealGrowth.txt;piecemeal growth;48.0
ID_PiecemealGrowth.txt;project;16.8
ID_PiecemealGrowth.txt;problem;16.0
ID_PiecemealGrowth.txt;reduce;12.0
ID_PiecemealGrowth.txt;amount;12.0
ID_PiecemealGrowth.txt;front;12.0
ID_PiecemealGrowth.txt;attitude;12.0
WT_TeamSpace.txt;team space;48.8571428571
WT_TeamSpace.txt;coffee lounges;48.0
WT_TeamSpace.txt;team members;46.7142857143
WT_TeamSpace.txt;space;23.1428571429
WT_TeamSpace.txt;pattern;18.0
WT_TeamSpace.txt;context;18.0
WT_TeamSpace.txt;change;15.0
WT_TeamSpace.txt;create;12.0
WT_TeamSpace.txt;created;12.0
WT_TeamSpace.txt;examples;12.0
WT_TeamSpace.txt;developers;12.0
WT_TeamSpace.txt;alexander;12.0
ID_PeriodicDemo.txt;working product;38.6666666667
ID_PeriodicDemo.txt;product;18.6666666667
ID_PeriodicDemo.txt;customer;12.0
ID_PeriodicDemo.txt;integration;12.0
CC_MultipleCommunicationModes.txt;communication media;46.0
CC_MultipleCommunicationModes.txt;communication;22.0
CC_BodySpeaks.txt;messages people give;98.0
CC_BodySpeaks.txt;group members;48.6050420168
CC_BodySpeaks.txt;plain words;48.0
CC_BodySpeaks.txt;important information;48.0
CC_BodySpeaks.txt;group;21.1764705882
CC_BodySpeaks.txt;problems;16.0
CC_BodySpeaks.txt;disagreement;12.0
CC_BodySpeaks.txt;break;12.0
CC_BodySpeaks.txt;notice;12.0
CC_BodySpeaks.txt;attention;12.0
CC_BodySpeaks.txt;solution;12.0
CC_BodySpeaks.txt;aware;12.0
ID_GenericsAndSpecifics.txt;generic solution;53.8285714286
ID_GenericsAndSpecifics.txt;specific parts;50.0
ID_GenericsAndSpecifics.txt;specific solution;48.4
ID_GenericsAndSpecifics.txt;error handling;44.0
ID_GenericsAndSpecifics.txt;framework;21.0
ID_GenericsAndSpecifics.txt;design;20.0
ID_GenericsAndSpecifics.txt;expert;16.0
ID_GenericsAndSpecifics.txt;years;16.0
ID_GenericsAndSpecifics.txt;novices;12.0
ID_GenericsAndSpecifics.txt;experience;12.0
ID_GenericsAndSpecifics.txt;experts;12.0
ID_GenericsAndSpecifics.txt;generics;12.0
I_SmokeFilledRoom.txt;rationale private;48.0
I_SmokeFilledRoom.txt;consensus process;46.0
I_SmokeFilledRoom.txt;decision process;40.0
I_SmokeFilledRoom.txt;decision;18.0
I_SmokeFilledRoom.txt;viewed;15.0
I_SmokeFilledRoom.txt;people;12.0
I_SmokeFilledRoom.txt;context;12.0
TB_BootCamp.txt;starts;16.0
TB_BootCamp.txt;multi;12.0
TB_BootCamp.txt;important;12.0
TB_BootCamp.txt;teams;12.0
TB_WorkGroup.txt;work queue;50.4
TB_WorkGroup.txt;allocate staff;48.0
MC_RecommitmentMeeting.txt;initiative;16.0
MC_RecommitmentMeeting.txt;meeting;15.0
MC_RecommitmentMeeting.txt;question;12.0
MC_RecommitmentMeeting.txt;schedule;12.0
ID_EffectiveHandover.txt;experienced team member;98.1666666667
ID_EffectiveHandover.txt;team member;62.1666666667
ID_EffectiveHandover.txt;software system;52.0
ID_EffectiveHandover.txt;departing developer;47.8909090909
ID_EffectiveHandover.txt;lost productivity;45.0
ID_EffectiveHandover.txt;knowledge;21.6
ID_EffectiveHandover.txt;picking;20.0
ID_EffectiveHandover.txt;replacement;16.0
ID_EffectiveHandover.txt;newcomer;15.0
ID_EffectiveHandover.txt;context;15.0
ID_EffectiveHandover.txt;departure;12.0
ID_EffectiveHandover.txt;application;12.0
ID_DeliverablesToGo.txt;development team;54.4
ID_DeliverablesToGo.txt;exert pressure;48.0
ID_DeliverablesToGo.txt;deliverables;21.6
ID_DeliverablesToGo.txt;agreement;16.0
ID_DeliverablesToGo.txt;release;15.0
ID_DeliverablesToGo.txt;users;14.4
ID_DeliverablesToGo.txt;developers;13.0
ID_DeliverablesToGo.txt;delivered;12.0
ID_DeliverablesToGo.txt;ready;12.0
ID_DeliverablesToGo.txt;requests;12.0
A_GatherDomainKnowledge.txt;application domain;46.8
A_GatherDomainKnowledge.txt;domain;22.8
A_GatherDomainKnowledge.txt;project;16.5
A_GatherDomainKnowledge.txt;complexity;15.0
A_GatherDomainKnowledge.txt;familiar;12.0
A_GatherDomainKnowledge.txt;choices;12.0
A_GatherDomainKnowledge.txt;increase;12.0
A_GatherDomainKnowledge.txt;projects;12.0
TL_SprintRetrospective.txt;product owner;53.4
TL_SprintRetrospective.txt;daily scrum;52.0
TL_SprintRetrospective.txt;good things;48.0
TL_SprintRetrospective.txt;single change;44.5714285714
TL_SprintRetrospective.txt;sprint retrospective;41.7142857143
TL_SprintRetrospective.txt;sprint retrospectives;35.4285714286
TL_SprintRetrospective.txt;process;24.0
TL_SprintRetrospective.txt;scrum;24.0
TL_SprintRetrospective.txt;change;20.5714285714
TL_SprintRetrospective.txt;things;20.0
TL_SprintRetrospective.txt;problems;20.0
TL_SprintRetrospective.txt;depth;20.0
T_VisitsBuildTrust.txt;team member;58.0
T_VisitsBuildTrust.txt;remote colleagues;50.4
T_VisitsBuildTrust.txt;trust;26.0
T_VisitsBuildTrust.txt;matter;12.0
T_VisitsBuildTrust.txt;memory;12.0
T_VisitsBuildTrust.txt;worked;12.0
TB_ForgeTheTeam.txt;opinion;12.0
TB_ForgeTheTeam.txt;differences;12.0
TB_ForgeTheTeam.txt;ditto;12.0
TB_ForgeTheTeam.txt;person;12.0
C_EffectiveCoach.txt;external coach;41.0526315789
C_EffectiveCoach.txt;coaching;19.2
C_EffectiveCoach.txt;coach;17.0526315789
C_EffectiveCoach.txt;experienced;16.0
C_EffectiveCoach.txt;practices;14.0
C_EffectiveCoach.txt;practice;12.0
C_EffectiveCoach.txt;manager;12.0
C_EffectiveCoach.txt;scrummaster;12.0
C_EffectiveCoach.txt;expensive;12.0
C_EffectiveCoach.txt;counter;12.0
TD_DocIsJustAnotherTask.txt;documentation;12.0
CC_WorkQueueReport.txt;uninterrupted days;50.4
CC_WorkQueueReport.txt;calculations;12.0
ID_DeployAlongTheGrain.txt;life cycle;48.0
ID_DeployAlongTheGrain.txt;responsibility;20.0
ID_DeployAlongTheGrain.txt;person;18.0
ID_DeployAlongTheGrain.txt;people;17.1428571429
ID_DeployAlongTheGrain.txt;exploit;16.0
ID_DeployAlongTheGrain.txt;domain;12.0
ID_DeployAlongTheGrain.txt;develop;12.0
ID_DeployAlongTheGrain.txt;roles;12.0
ID_DeployAlongTheGrain.txt;bibref;12.0
ID_DeployAlongTheGrain.txt;object;12.0
ID_DeployAlongTheGrain.txt;system;12.0
ID_DeployAlongTheGrain.txt;factored;12.0
WT_FieldDay.txt;close circle;52.0
WT_FieldDay.txt;team members;50.4
WT_FieldDay.txt;group members;43.7333333333
WT_FieldDay.txt;people;18.0
WT_FieldDay.txt;group;17.3333333333
WT_FieldDay.txt;compensation;16.0
WT_FieldDay.txt;context;15.0
WT_FieldDay.txt;acknowledging;12.0
WT_FieldDay.txt;avocations;12.0
WT_FieldDay.txt;commitments;12.0
WT_FieldDay.txt;commitment;12.0
WT_FieldDay.txt;goals;12.0
V_SharedClearVision.txt;informal communication;51.0
V_SharedClearVision.txt;competing visions;48.0
V_SharedClearVision.txt;clear vision;37.5
V_SharedClearVision.txt;project participants;35.6
V_SharedClearVision.txt;people;18.0
V_SharedClearVision.txt;vision;16.5
V_SharedClearVision.txt;barriers;16.0
V_SharedClearVision.txt;cases;16.0
V_SharedClearVision.txt;project;15.6
V_SharedClearVision.txt;system;14.4
V_SharedClearVision.txt;organization;12.0
V_SharedClearVision.txt;users;12.0
TD_IndividualStakeholderBudgets.txt;obtain consensus;48.0
TD_IndividualStakeholderBudgets.txt;stakeholder;20.0
TD_IndividualStakeholderBudgets.txt;customer;14.4
TD_IndividualStakeholderBudgets.txt;developers;12.0
TD_IndividualStakeholderBudgets.txt;stakeholders;12.0
SO_LegendRole.txt;dread pirate roberts;108.0
SO_LegendRole.txt;legendary figure;57.6
SO_LegendRole.txt;personality cult;48.0
SO_LegendRole.txt;role named;48.0
SO_LegendRole.txt;legend role;48.0
SO_LegendRole.txt;team members;48.0
SO_LegendRole.txt;c3 project;43.6923076923
SO_LegendRole.txt;practices properly;42.0
SO_LegendRole.txt;person;20.0
SO_LegendRole.txt;practices;18.0
SO_LegendRole.txt;important;16.8
SO_LegendRole.txt;leave;16.0
