RPEXP;Leadership experience;Leadership Experience;control
RPMOT;Motivation;Motivation;motivation
RPCOM;Communication;Communication;feedback
RSCOM;Complexity in tasks;Complexities in market, organization and tasks;process
RPCOM;Communication;Communication;communication
RSCOM;Complexity in tasks;Complexities in market, organization and tasks;competition
RPTEA;Interdependence in team;Team Atmosphere;respect
RSRES;Resources, techn. knowl.;Resources and Technical Knowledge Acquisition;skill
RPTEA;Interdependence in team;Team Atmosphere;trust
RPMOT;Motivation;Motivation;recognition
RPEXP;Leadership experience;Leadership Experience;management
RPCOM;Communication;Communication;group
RSPER;Goals, schedules;Performance Strategies, Goals and Schedules;goal
RPEXP;Leadership experience;Leadership Experience;credibility
RPCOM;Communication;Communication;support
RPCON;Conflict in roles, team;Conflict in roles, team, organization politics;member
RPCOM;Communication;Communication;member
RPTEA;Interdependence in team;Team Atmosphere;member
RSROL;Role definition;Role Definition;role
RPCON;Conflict in roles, team;Conflict in roles, team, organization politics;role
RPCOM;Communication;Communication;performance
RPCON;Conflict in roles, team;Conflict in roles, team, organization politics;conflict
RSFUN;Funding;Funding;development
RPCHA;Change;Change;direction
RPMOT;Motivation;Motivation;perception
RSORI;Orientation;Orientation;business
RSORI;Orientation;Orientation;stakeholder
RSPER;Goals, schedules;Performance Strategies, Goals and Schedules;agreement
RPMOT;Motivation;Motivation;visibility
RPREA;Reassurance in team;Reassurance;failure
RPEXP;Leadership experience;Leadership Experience;leadership
RPCON;Conflict in roles, team;Conflict in roles, team, organization politics;power
RSPER;Goals, schedules;Performance Strategies, Goals and Schedules;plan
RPREA;Reassurance in team;Reassurance;knowledge
RSPER;Goals, schedules;Performance Strategies, Goals and Schedules;task
RSRES;Resources, techn. knowl.;Resources and Technical Knowledge Acquisition;resource
RSCOM;Complexity in tasks;Complexities in market, organization and tasks;work
RPMOT;Motivation;Motivation;work
RSPER;Goals, schedules;Performance Strategies, Goals and Schedules;project
RSCOM;Complexity in tasks;Complexities in market, organization and tasks;architecture
RPMOT;Motivation;Motivation;team
RPTEA;Interdependence in team;Team Atmosphere;team
RPTEA;Interdependence in team;Team Atmosphere;problem
RPREA;Reassurance in team;Reassurance;decision
RPCON;Conflict in roles, team;Conflict in roles, team, organization politics;struggle
