Construction;development;16.0
Elaboration;development;21.0
Construction;user community;48.0
Transition;product;22.5
Elaboration;requirements;22.0
Construction;users;12.0
Transition;users;18.0
Transition;point;12.0
Elaboration;process;12.0
Elaboration;level;12.0
Inception;system;12.0
Elaboration;system;21.0
Transition;system;21.0
Elaboration;project;20.0
Construction;architecture;16.0
Elaboration;architecture;25.7142857143
Construction;sense;12.0
Construction;release;21.6
Elaboration;develop;12.0
Inception;cases;12.0
