3Z3R5YC0P3NYT9ECK6A8HX00ESKTF3;A9JHTV37LSE5F;Train everyone;Inception
3ZG552ORAM4T576P16VGYWUW29W2V9;A2SD7GN80U31GW;Interrupts unjam blocking;Elaboration
38DCH97KHH216V8GMS7YRQH5NS2QJP;A36ABFLSNFESVJ;Standup meeting;Transition
337F8MIIMZDNFKKW2NQF6I14SRF04B;A3G0T5Y7OSC76S;Smoke filled room;Inception
3DGDV62G7O9G0N9TFUMHS45EGLV2PO;AVX3SWFMBEPMZ;Compass;Elaboration
34ZTTGSNJXO5FPDQYS4DFD1QA0YQHK;AVX3SWFMBEPMZ;Collective responsibility;Inception
37NXA7GVST6Z6TSXBCDLDST589MVLQ;A2SD7GN80U31GW;End to end;Inception
3LVTFB9DE5IRFTIFEMMVUDPPV0LQGL;AVX3SWFMBEPMZ;Forge the team;Transition
3MWOYZD5WVOU49MLMD7MVS3MHBPNOI;A2SD7GN80U31GW;Lock em up together;Inception
3OWZNK3RYLPTSSHPWGLB2ASDO2N2UK;A110KENBXU7SUJ;Sacrifice one person;Inception
3TLFH2L6Y9OESF20WBV1XE6B5OG2TT;A2SD7GN80U31GW;Private space;Construction
3J6BHNX0U9SBEI16OLFTOBMDX6FNKY;A365SN61J4UNGR;Apprentice;Elaboration
30F94FBDNRK8GS2WF4OCY79FZUSTBL;A365SN61J4UNGR;Set the pegs;Inception
3KG2UQJ0MJOXPLZ11QZQKXYMWC7NQQ;ALLP45O3BDWYM;Grand finale;Construction
3C8QQOM6JP1UKN8XC5E2Y33B07QILG;A365SN61J4UNGR;Feature assignment;Construction
36KM3FWE3RCKY72F4LOM9ULEJT507V;ALLP45O3BDWYM;Ambassador;Elaboration
39O6Z4JLX2XU6N9MPVG9OMOSFIWXVE;A2SBISQJE2ZPJQ;Show and tell;Elaboration
32XN26MTXZJJDSRH8FPWSZ3FED9L0O;ALLP45O3BDWYM;The Water Cooler;Transition
32L724R85LKKB8NV4X79FKCV5HRIPE;A2WNW8A4MOR7T7;Piecemeal growth;Elaboration
3VMV5CHJZ8F479A7VQGQZI0CF7KTG2;A110KENBXU7SUJ;Effective coach;Inception
3U74KRR67MLAH1RTIUTLP299GJ6NT4;A365SN61J4UNGR;Production potential;Transition
3XU9MCX6VOC1C0P8SMQ6XZ5TH3J2RG;A365SN61J4UNGR;Face to face before remote;Inception
37ZQELHEQ0Y646199XS93OEHMBANM3;ALLP45O3BDWYM;Architecture team;Elaboration
3PIOQ99R7YMPHE6IIZJVUYVBZXDNUV;ALLP45O3BDWYM;Fair memory;Construction
3OLZC0DJ8JFXGSKRQ9G8LC1DR5SVIC;A365SN61J4UNGR;Virtual shared location;Elaboration
324N5FAHSXBOMNAFQC1KYSGQJ9HVKN;ALLP45O3BDWYM;Adhoc meeting;Elaboration
37G6BXQPLQLTVFMO8RW7UA4DIK6QE4;ALLP45O3BDWYM;Protect the victim;Elaboration
3XDSWAMB22SEYH2AC0QC4M4AX8TQCB;ALLP45O3BDWYM;Vision;Inception
3T2EL38U0MK21FD53WMZIZPKYQHXQK;A110KENBXU7SUJ;Wanderer;Construction
3TUOHPJXYHX7LC9RF5L5AO76MRYXWO;A110KENBXU7SUJ;Gather domain knowledge;Inception
3E22YV8GG16CP9YM1DK1KS8CRGLNPZ;A110KENBXU7SUJ;Sprint retrospective;Transition
3OZ4VAIBEXFTB34X8R18XDGD4KHVJO;A147F5PJTHOB8A;Open up communication;Elaboration
3HUR21WDDUPBAH4RU63TVLSMXZYXYN;A110KENBXU7SUJ;Developing in pairs;Construction
37SOB9Z0SSXFUKQER27FUX1MHPTL3J;A110KENBXU7SUJ;Someone always makes progress;Elaboration
3OPLMF3EU5NMYOJO9LRU3BZSM6KNL1;A110KENBXU7SUJ;Productivity games;Elaboration
372AGES0I452DGS5GBBZNPZPUCJXRL;AURYD2FH3FUOQ;Reaffirmation ritual;Elaboration
3NOEP8XAU42H13CQ3J7AIUZATUVXPT;A110KENBXU7SUJ;Stand up Meeting;Elaboration
3NI0WFPPI9G1U7OALBJU3GLIOIL06W;A110KENBXU7SUJ;Diverse groups;Inception
3AFT28WXLF22Q8BUPXUUQK75VCVIOX;A110KENBXU7SUJ;Growing your team;Elaboration
3JUDR1D0D6R10ZA8F716S9VOLHH2QF;A110KENBXU7SUJ;Pair to share;Elaboration
3QO7EE372ONVOCA4Y0UHT2YSFNTQB4;A110KENBXU7SUJ;Unity of purpose;Inception
35U0MRQMUJ77CEVUO4TD59XZ3ERVO7;A110KENBXU7SUJ;Sprint;Construction
38Z7YZ2SB325BKOA4AMYFP25ADDQID;A110KENBXU7SUJ;Group validation;Elaboration
3TKXBROM5TAOPXKX9K2PIOQJWILIJE;A110KENBXU7SUJ;Phasing it in;Inception
3JMNNNO3B146KW6URG0CKYDA9IY2WJ;A110KENBXU7SUJ;Team owns individual velocities;Elaboration
3QX22DUVOOHJCBAIBOE0D58U8ECVMS;A110KENBXU7SUJ;Solidarity ritual;Construction
3WPCIUYH1A81VP0GT0FITXXF2F4TDS;A110KENBXU7SUJ;Join for completion;Transition
302U8RURJZ1PUTVINPT0QKXUD4MVNS;A110KENBXU7SUJ;Don’t interrupt an interrupt;Construction
3OCZWXS7ZO7I8ZDI5LV89UZ6VLKL59;A110KENBXU7SUJ;Deliverables to go;Transition
33TGB4G0LPHFTV5XK0GUN407IXGXTY;A110KENBXU7SUJ;Form follows function;Elaboration
37PGLWGSJT6J0HQFR521J3QWB7LIKD;A110KENBXU7SUJ;Norms of conduct;Elaboration
308KJXFUJR63XIX49QOG3WP9HC7TAQ;A110KENBXU7SUJ;Day care;Inception
35NNO802AVWK8NBIOIUHBV7052QINI;A2TBXASXZIRNNW;Re-negotiate complexity;Inception
3XQ4XW3OD9CDDFPL7BQBN9AP3522S4;A110KENBXU7SUJ;Community of trust;Elaboration
351S7I5UG9WG3YVO60FHNWM0IHFNJZ;A110KENBXU7SUJ;Round Pegs for Round Holes;Elaboration
3Y40HMYLL1IUT8KMK564S0M91BNXUP;A110KENBXU7SUJ;Guruing by walking around;Construction
3P458N04Q1HL9WBK1LWYMHRHIK42XC;A3GLUDQZGEJL5G;Effective handover;Transition
3VZYA8PITOY5B3OWGS9PBA7ISNA05G;A1WRYUFOYFF8QO;Participant observation;Elaboration
31J7RYECZLQJKHCZ4YTW64MPJ5FL1R;A3GLUDQZGEJL5G;Firewalls;Elaboration
3GV1I4SEO9PER3DWA45D10D6RGVL6P;A3GLUDQZGEJL5G;Team per task;Elaboration
3ZXNP4Z39RLXV3R1TEA57ED2MRFL7O;A1WRYUFOYFF8QO;Cohesive team;Transition
374UMBUHN5PRQXU2T4K79RFXHFSTCS;A3GLUDQZGEJL5G;Deploy along the grain;Construction
3YGYP136419X1ME1E5OQPN8RSY9NRR;A1WRYUFOYFF8QO;Social tracker;Inception
3VI0PC2ZAYKZG30POJUVTUUKJPZXOC;A3GLUDQZGEJL5G;Bootstrapping;Inception
3MYASTQBG7BO398OCWLNOSMSI85QDB;A3GLUDQZGEJL5G;Delegate complexity;Elaboration
37Y5RYYI0P5EEVSIV0B4DZ4LGE2XS9;A3GLUDQZGEJL5G;Management by triggers;Elaboration
3ZC62PVYDHAMACEHPAHRC7LDVT4XXH;A3GLUDQZGEJL5G;Informal labor plan;Construction
3LAZVA75NIRYFNXS0U92340O6GZ2O7;A3GLUDQZGEJL5G;Shared clear vision;Inception
3H781YYV6TI6NVEGPVQ2ZFF02R5TEL;A1WRYUFOYFF8QO;Generics and specifics;Transition
3N3WJQXELSQQ92UVN2TABNWUBBTL28;A1WRYUFOYFF8QO;Master and Apprentice;Construction
3UDTAB6HH6ZOCQQ8JIM6NQCKEJT097;A1WRYUFOYFF8QO;Boot camp;Elaboration
3H4IKZHALBICMOM9LY79G33HR1KNN3;A1WRYUFOYFF8QO;Failed project wake;Elaboration
31JUPBOORN41VHWK3J2BLE9XXBLL8B;A1WRYUFOYFF8QO;Get to know your peoples skills;Construction
3PCPFX4U40QL1TMK32GDCSPDULLQFM;A1WRYUFOYFF8QO;Coffee kitchen;Inception
386T3MLZLNVOYL7YEQGSNUH9UDB08I;A1EQ2HDHF2WWSY;Development episode;Construction
3YCT0L9OMM9921EETUOVFXDNE0SNSF;A1EQ2HDHF2WWSY;Body speaks;Elaboration
3WKGUBL7SZM0CG9IRGCY42TSVPPL44;A109CH3492UU42;Reciprocal visibility;Elaboration
3VIVIU06FKCEQ5QICHFHYGI00CGIMI;A109CH3492UU42;Team space;Elaboration
